-- phpMyAdmin SQL Dump
-- version 4.8.5
-- https://www.phpmyadmin.net/
--
-- 主机： localhost
-- 生成日期： 2022-06-28 07:19:17
-- 服务器版本： 8.0.12
-- PHP 版本： 7.3.4

SET SQL_MODE = "NO_AUTO_VALUE_ON_ZERO";
SET AUTOCOMMIT = 0;
START TRANSACTION;
SET time_zone = "+00:00";


/*!40101 SET @OLD_CHARACTER_SET_CLIENT=@@CHARACTER_SET_CLIENT */;
/*!40101 SET @OLD_CHARACTER_SET_RESULTS=@@CHARACTER_SET_RESULTS */;
/*!40101 SET @OLD_COLLATION_CONNECTION=@@COLLATION_CONNECTION */;
/*!40101 SET NAMES utf8mb4 */;

--
-- 数据库： `nest-admin`
--

-- --------------------------------------------------------

--
-- 表的结构 `sys_config`
--

CREATE TABLE `sys_config` (
  `created_at` datetime(6) NOT NULL DEFAULT CURRENT_TIMESTAMP(6),
  `updated_at` datetime(6) NOT NULL DEFAULT CURRENT_TIMESTAMP(6) ON UPDATE CURRENT_TIMESTAMP(6),
  `id` int(11) NOT NULL,
  `key` varchar(50) NOT NULL,
  `name` varchar(50) NOT NULL,
  `value` varchar(255) DEFAULT NULL,
  `remark` varchar(255) DEFAULT NULL
) ENGINE=InnoDB DEFAULT CHARSET=utf8mb4 COLLATE=utf8mb4_0900_ai_ci;

--
-- 转存表中的数据 `sys_config`
--

INSERT INTO `sys_config` (`created_at`, `updated_at`, `id`, `key`, `name`, `value`, `remark`) VALUES
('2021-09-28 03:14:05.256120', '2021-09-28 03:14:05.256120', 1, 'sys_user_initPassword', '初始密码', '123456', '创建管理员账号的初始密码');

-- --------------------------------------------------------

--
-- 表的结构 `sys_data`
--

CREATE TABLE `sys_data` (
  `created_at` datetime(6) NOT NULL DEFAULT CURRENT_TIMESTAMP(6),
  `updated_at` datetime(6) NOT NULL DEFAULT CURRENT_TIMESTAMP(6) ON UPDATE CURRENT_TIMESTAMP(6),
  `id` int(11) NOT NULL,
  `department_id` int(11) NOT NULL,
  `name` varchar(255) CHARACTER SET utf8 COLLATE utf8_unicode_ci NOT NULL,
  `username` varchar(255) CHARACTER SET utf8 COLLATE utf8_unicode_ci NOT NULL,
  `password` varchar(255) CHARACTER SET utf8 COLLATE utf8_unicode_ci NOT NULL,
  `psalt` varchar(32) CHARACTER SET utf8 COLLATE utf8_unicode_ci NOT NULL,
  `nick_name` varchar(255) CHARACTER SET utf8 COLLATE utf8_unicode_ci DEFAULT NULL,
  `head_img` varchar(255) CHARACTER SET utf8 COLLATE utf8_unicode_ci DEFAULT NULL,
  `email` varchar(255) CHARACTER SET utf8 COLLATE utf8_unicode_ci DEFAULT NULL,
  `phone` varchar(255) CHARACTER SET utf8 COLLATE utf8_unicode_ci DEFAULT NULL,
  `remark` varchar(255) CHARACTER SET utf8 COLLATE utf8_unicode_ci DEFAULT NULL,
  `status` tinyint(4) DEFAULT '1'
) ENGINE=InnoDB DEFAULT CHARSET=utf8 COLLATE=utf8_unicode_ci;

--
-- 转存表中的数据 `sys_data`
--

INSERT INTO `sys_data` (`created_at`, `updated_at`, `id`, `department_id`, `name`, `username`, `password`, `psalt`, `nick_name`, `head_img`, `email`, `phone`, `remark`, `status`) VALUES
('2020-08-27 03:38:30.000000', '2022-03-28 22:52:11.845930', 1, 1, '路飞', 'rootadmin', 'ccdb5f7e5be14fe0c0528974428f79f9', 'xQYCspvFb8cAW6GG1pOoUGTLqsuUSO3d', '', 'https://buqiyuan.gitee.io/img/logo.jpg', 'qa894178522@qq.com', '15622472425', NULL, 1),
('2022-06-22 01:06:27.969819', '2022-06-23 01:22:53.000000', 17, 2, '邹平站派出所', 'zouping', '62beeb7e7e7910fd9cbc436a9cfa65db', '1BsEQf72Yv0P8zOOWoILFZQLnB0fruUp', NULL, NULL, NULL, NULL, NULL, 1),
('2022-06-22 16:24:32.717440', '2022-06-23 01:23:40.000000', 19, 2, '莱阳站派出所', 'lys123', 'fb080e6eef2ebc44e4e786ffbebca571', 'peKS6iUyjdbRJPNtGjOLoPhUM6VUZVWt', NULL, NULL, NULL, NULL, NULL, 1),
('2022-06-23 08:49:25.480460', '2022-06-23 08:49:25.480460', 22, 6, '邹平站', 'zoupingzhan', '0056b520f2d19b377425330c205f1b09', 'GW7vUWwpAtUHGvBz4gRxl81k6yVbBK3V', 'K52+259', NULL, '邹平站派出所', '13864382488', '李介斌', 1),
('2022-06-23 08:51:52.199256', '2022-06-23 08:51:52.199256', 23, 6, '马尚站', 'mashangzhan', '9c409e1eac18e5477f37ff8d105ccd56', 'HuSJQkOohxhpXlHT03ArYIgcTkekQ2nw', 'K286+040', NULL, '邹平站派出所', '15966981702', '赵东', 1),
('2022-06-23 08:52:49.275022', '2022-06-23 08:52:49.275022', 24, 6, '周村站', 'zhoucunzhan', '5b4085cd5d9596fef3f3bd97ecc31b9f', 'PZuFIkvungj5RoJVsqGrAp2WHmxj92kE', 'K298+750', NULL, '邹平站派出所', '0407-66012', '赵东', 1),
('2022-06-23 08:58:16.124380', '2022-06-23 08:58:16.124380', 25, 84, '032县道特大桥', '032xiandao', '655be47949c44ccf0b5f39ec4f3a64fe', 'fMYNmOLUwb0QmrguBM2MNLQeuSpNY3MM', 'K48+659', NULL, '邹平站派出所', '18266438111', '李根', 1),
('2022-06-23 09:00:44.982284', '2022-06-23 09:00:44.982284', 26, 82, '孝妇河大桥', 'xiaofuheqiao', '26d9ae9b600991d32f671d0b42dcb63e', 'IWlBncGhJBwRX7z3Y2jpR25Rbv51ZOti', 'K288+129，K288+187', NULL, '邹平站派出所', '18266438111', '李根', 1),
('2022-06-23 09:03:16.702448', '2022-06-23 09:03:16.702448', 27, 80, '百蛇沟桥', 'baishegou', 'e0d535852cd6e7e2664b2c9574c5cf7e', 'OVqhQ9ttpFr2OAveHgA1Mbnd1Yz48cEH', 'K288+906，K288+955', NULL, '邹平站派出所', '18266438111', '李根', 1),
('2022-06-23 09:08:00.587400', '2022-06-23 09:08:00.587400', 28, 12, '训来废品回收站', 'xunlai', 'a7bd2e32802c51fcdb36871dacbc633f', '9jfRYQS0582sUMFzY4mMAKJrqeCAbLHk', 'K59+345', NULL, '邹平站派出所', '18854365987', '袁训来', 1),
('2022-06-23 09:09:36.230323', '2022-06-23 09:09:36.230323', 29, 12, '前芽废品回收站', 'qianya', 'a7d672543f0c473d449b53c799db776e', '9gH5zsbBdmPkYF3nbUJn8YGc4jR3ynvR', 'K68+288', NULL, '邹平站派出所', '15054332690', '郭静', 0),
('2022-06-23 09:14:03.732025', '2022-06-23 09:14:03.732025', 30, 11, '周村南郊中心小学', 'nanjiaozhongxin', '67235745537373b67151a8ba541a2466', 'BVZ8bnqaqoaxsPVhAucIqdOnPlDgOlFW', 'K293+900', NULL, '邹平站派出所', '18678102927', '肖立斌', 1),
('2022-06-23 09:15:57.289417', '2022-06-23 09:15:57.289417', 31, 11, '周村区实验中学', 'zhonghejie', '79e5692642864557a7fc730ccd1d494f', 'qzFsPOGo9KCBxt3Z90Tp0PtY13Ep8p1S', 'K299+600', NULL, '邹平站派出所', '13583336609', '路兰英', 1),
('2022-06-23 09:20:44.069564', '2022-06-23 09:20:44.069564', 32, 87, '小套村', 'xiaotaocun', '7bc5de99fab34cc9935486f3eca721d6', 'HRT67AQ5bqoCfCIAkl6AhweKMZigKhex', 'K291+600 ', NULL, '邹平站派出所', '13153388747', '王帅', 1);

-- --------------------------------------------------------

--
-- 表的结构 `sys_data_role`
--

CREATE TABLE `sys_data_role` (
  `created_at` datetime(6) NOT NULL DEFAULT CURRENT_TIMESTAMP(6),
  `updated_at` datetime(6) NOT NULL DEFAULT CURRENT_TIMESTAMP(6) ON UPDATE CURRENT_TIMESTAMP(6),
  `id` int(11) NOT NULL,
  `user_id` int(11) NOT NULL,
  `role_id` int(11) NOT NULL
) ENGINE=InnoDB DEFAULT CHARSET=utf8 COLLATE=utf8_unicode_ci;

--
-- 转存表中的数据 `sys_data_role`
--

INSERT INTO `sys_data_role` (`created_at`, `updated_at`, `id`, `user_id`, `role_id`) VALUES
('2020-09-14 04:10:34.371646', '2020-09-14 04:10:34.371646', 1, 1, 1),
('2022-06-20 23:10:04.727674', '2022-06-20 23:10:04.727674', 18, 8, 3),
('2022-06-21 00:33:25.506148', '2022-06-21 00:33:25.506148', 19, 9, 2),
('2022-06-21 12:56:44.636369', '2022-06-21 12:56:44.636369', 20, 10, 2),
('2022-06-21 12:56:44.636369', '2022-06-21 12:56:44.636369', 21, 10, 3),
('2022-06-21 12:56:44.636369', '2022-06-21 12:56:44.636369', 22, 10, 4),
('2022-06-21 12:57:20.622317', '2022-06-21 12:57:20.622317', 23, 11, 5),
('2022-06-21 15:35:39.266940', '2022-06-21 15:35:39.266940', 24, 12, 3),
('2022-06-23 01:22:54.478254', '2022-06-23 01:22:54.478254', 59, 17, 2),
('2022-06-23 01:22:54.478254', '2022-06-23 01:22:54.478254', 60, 17, 3),
('2022-06-23 01:22:54.478254', '2022-06-23 01:22:54.478254', 61, 17, 4),
('2022-06-23 01:23:40.344041', '2022-06-23 01:23:40.344041', 62, 19, 6),
('2022-06-23 01:23:40.344041', '2022-06-23 01:23:40.344041', 63, 19, 7),
('2022-06-23 08:49:25.498499', '2022-06-23 08:49:25.498499', 65, 22, 2),
('2022-06-23 08:51:52.206242', '2022-06-23 08:51:52.206242', 66, 23, 4),
('2022-06-23 08:52:49.280947', '2022-06-23 08:52:49.280947', 67, 24, 4),
('2022-06-23 08:58:16.130551', '2022-06-23 08:58:16.130551', 68, 25, 2),
('2022-06-23 08:58:16.130551', '2022-06-23 08:58:16.130551', 69, 25, 10),
('2022-06-23 09:00:44.990074', '2022-06-23 09:00:44.990074', 70, 26, 3),
('2022-06-23 09:00:44.990074', '2022-06-23 09:00:44.990074', 71, 26, 4),
('2022-06-23 09:03:16.709750', '2022-06-23 09:03:16.709750', 72, 27, 3),
('2022-06-23 09:03:16.709750', '2022-06-23 09:03:16.709750', 73, 27, 4),
('2022-06-23 09:08:00.594179', '2022-06-23 09:08:00.594179', 74, 28, 2),
('2022-06-23 09:09:36.247195', '2022-06-23 09:09:36.247195', 75, 29, 2),
('2022-06-23 09:14:03.741355', '2022-06-23 09:14:03.741355', 76, 30, 3),
('2022-06-23 09:15:57.294425', '2022-06-23 09:15:57.294425', 77, 31, 4),
('2022-06-23 09:20:44.077636', '2022-06-23 09:20:44.077636', 78, 32, 3);

-- --------------------------------------------------------

--
-- 表的结构 `sys_department`
--

CREATE TABLE `sys_department` (
  `created_at` datetime(6) NOT NULL DEFAULT CURRENT_TIMESTAMP(6),
  `updated_at` datetime(6) NOT NULL DEFAULT CURRENT_TIMESTAMP(6) ON UPDATE CURRENT_TIMESTAMP(6),
  `id` int(11) NOT NULL,
  `parent_id` int(11) DEFAULT NULL,
  `name` varchar(255) NOT NULL,
  `order_num` int(11) DEFAULT '0'
) ENGINE=InnoDB DEFAULT CHARSET=utf8mb4 COLLATE=utf8mb4_0900_ai_ci;

--
-- 转存表中的数据 `sys_department`
--

INSERT INTO `sys_department` (`created_at`, `updated_at`, `id`, `parent_id`, `name`, `order_num`) VALUES
('2020-08-27 03:33:19.000000', '2021-12-11 02:07:42.895409', 1, NULL, '阿里巴巴', 0),
('2020-09-08 05:31:32.426851', '2020-10-07 04:25:31.000000', 2, 1, '管理部门', 0),
('2021-12-07 08:33:18.087878', '2021-12-07 08:33:18.087878', 4, NULL, '草帽海贼团', 0),
('2021-12-07 08:33:45.485870', '2021-12-07 08:58:06.000000', 5, 4, '射手部', 0);

-- --------------------------------------------------------

--
-- 表的结构 `sys_departmentdata`
--

CREATE TABLE `sys_departmentdata` (
  `created_at` datetime(6) NOT NULL DEFAULT CURRENT_TIMESTAMP(6),
  `updated_at` datetime(6) NOT NULL DEFAULT CURRENT_TIMESTAMP(6) ON UPDATE CURRENT_TIMESTAMP(6),
  `id` int(11) NOT NULL,
  `parent_id` int(11) DEFAULT NULL,
  `name` varchar(255) CHARACTER SET utf8 COLLATE utf8_unicode_ci NOT NULL,
  `order_num` int(11) DEFAULT '0'
) ENGINE=InnoDB DEFAULT CHARSET=utf8 COLLATE=utf8_unicode_ci;

--
-- 转存表中的数据 `sys_departmentdata`
--

INSERT INTO `sys_departmentdata` (`created_at`, `updated_at`, `id`, `parent_id`, `name`, `order_num`) VALUES
('2020-08-27 03:33:19.000000', '2022-06-21 00:23:56.000000', 1, NULL, '基础场所数据库', 0),
('2020-09-08 05:31:32.426851', '2022-06-21 00:24:33.000000', 2, 1, '派出所', 0),
('2021-12-07 08:33:18.087878', '2022-06-21 00:24:20.000000', 4, NULL, '基础人员数据库', 1),
('2021-12-07 08:33:45.485870', '2022-06-22 14:50:19.000000', 5, 4, '既往治安处罚人员', 0),
('2022-06-21 00:24:47.182979', '2022-06-21 00:24:47.182979', 6, 1, '车站', 0),
('2022-06-21 00:25:00.113695', '2022-06-21 00:25:00.113695', 7, 1, '桥梁', 0),
('2022-06-21 00:25:11.344106', '2022-06-21 00:25:11.344106', 8, 1, '涵洞', 0),
('2022-06-21 00:25:24.943178', '2022-06-21 00:25:24.943178', 9, 1, '路基路堑', 0),
('2022-06-21 00:25:35.703695', '2022-06-21 00:25:42.000000', 10, 1, '四电设施', 0),
('2022-06-21 00:26:28.097258', '2022-06-21 00:26:28.097258', 11, 1, '学校', 0),
('2022-06-21 00:26:39.128112', '2022-06-21 00:26:44.000000', 12, 1, '废品回收站', 0),
('2022-06-21 00:27:01.889920', '2022-06-21 00:27:01.889920', 13, 1, '危化品企业', 0),
('2022-06-21 00:27:50.959684', '2022-06-21 00:27:50.959684', 14, 4, '三倌人员', 0),
('2022-06-21 00:28:10.508776', '2022-06-21 00:28:10.508776', 15, 4, '五残人员', 0),
('2022-06-22 14:42:14.229661', '2022-06-22 14:42:14.229661', 16, 1, '道口', 0),
('2022-06-22 14:42:28.513390', '2022-06-22 14:42:57.000000', 17, 1, '窨井', 0),
('2022-06-22 14:42:37.542012', '2022-06-22 14:43:03.000000', 18, 1, '信号机', 0),
('2022-06-22 14:42:49.772188', '2022-06-22 14:43:09.000000', 19, 19, '道岔', 0),
('2022-06-22 14:43:26.728358', '2022-06-22 14:43:26.728358', 20, 1, '道岔', 0),
('2022-06-22 14:43:48.978597', '2022-06-22 14:43:48.978597', 21, 1, '疏散通道', 0),
('2022-06-22 14:43:58.797846', '2022-06-22 14:43:58.797846', 22, 1, '作业门', 0),
('2022-06-22 14:45:56.828467', '2022-06-22 14:45:56.828467', 23, 1, '岗亭', 0),
('2022-06-22 14:46:29.481760', '2022-06-22 14:46:36.000000', 24, 1, '高大建筑', 0),
('2022-06-22 14:47:21.180042', '2022-06-22 14:47:21.180042', 25, 1, '空飘物地区', 0),
('2022-06-22 14:47:36.383715', '2022-06-22 14:47:36.383715', 26, 1, '监控', 0),
('2022-06-22 14:52:13.816868', '2022-06-22 14:52:13.816868', 27, 4, '刑嫌人员', 0),
('2022-06-22 14:52:30.570396', '2022-06-22 14:52:30.570396', 28, 4, '精神病', 0),
('2022-06-22 14:52:44.091244', '2022-06-22 14:52:44.091244', 29, 4, '危安重点人', 0),
('2022-06-22 14:52:57.054402', '2022-06-22 14:52:57.054402', 30, 4, '路内访人员', 0),
('2022-06-22 14:53:05.376918', '2022-06-22 14:53:05.376918', 31, 4, '路外913', 0),
('2022-06-22 14:53:12.331834', '2022-06-22 14:53:39.000000', 32, 4, '路外其他', 0),
('2022-06-22 14:53:22.873474', '2022-06-22 14:53:44.000000', 33, 4, '村庄联络员', 0),
('2022-06-22 14:53:33.130780', '2022-06-22 14:53:33.130780', 34, 4, '铁路职工', 0),
('2022-06-22 14:53:55.288606', '2022-06-22 14:53:55.288606', 35, 4, '铁路其他', 0),
('2022-06-22 14:54:02.528663', '2022-06-22 14:54:28.000000', 36, 4, '外包安检', 0),
('2022-06-22 14:54:08.912620', '2022-06-22 14:54:33.000000', 37, 4, '外包保洁', 0),
('2022-06-22 14:54:16.156879', '2022-06-22 14:54:16.156879', 38, 4, '外包巡护', 0),
('2022-06-22 14:54:46.992517', '2022-06-22 14:54:46.992517', 39, 4, '外包其他', 0),
('2022-06-22 15:05:55.660860', '2022-06-22 15:05:55.660860', 40, 9, '路堑', 0),
('2022-06-22 15:06:04.842265', '2022-06-22 15:06:04.842265', 41, 9, '路基', 0),
('2022-06-22 15:06:22.021902', '2022-06-22 15:06:22.021902', 42, 10, '基站', 0),
('2022-06-22 15:06:32.355236', '2022-06-22 15:06:32.355236', 43, 10, '中继站', 0),
('2022-06-22 15:06:44.416381', '2022-06-22 15:06:44.416381', 44, 10, '变电所室', 0),
('2022-06-22 15:06:57.144967', '2022-06-22 15:06:57.144967', 45, 10, '分区所', 0),
('2022-06-22 15:07:10.557679', '2022-06-22 15:07:10.557679', 46, 10, '配电所室', 0),
('2022-06-22 15:07:27.078899', '2022-06-22 15:07:27.078899', 47, 10, '通讯机械室', 0),
('2022-06-22 15:07:37.327456', '2022-06-22 15:07:37.327456', 48, 10, '信号机械室', 0),
('2022-06-22 15:07:46.891506', '2022-06-22 15:07:46.891506', 49, 10, '通讯机房', 0),
('2022-06-22 15:08:07.721649', '2022-06-22 15:08:07.721649', 50, 10, '供电所', 0),
('2022-06-22 15:08:35.867386', '2022-06-22 15:08:35.867386', 51, 1, '道口', 0),
('2022-06-22 15:08:47.213270', '2022-06-22 15:08:47.213270', 52, 51, '有人值守', 0),
('2022-06-22 15:09:02.759461', '2022-06-22 15:09:02.759461', 53, 51, '无人值守', 0),
('2022-06-22 15:09:25.928341', '2022-06-22 15:09:25.928341', 54, 17, '电力窖井', 0),
('2022-06-22 15:09:43.388578', '2022-06-22 15:09:43.388578', 55, 17, '通信窖井', 0),
('2022-06-22 15:10:03.513130', '2022-06-22 15:10:03.513130', 56, 17, '污水窖井', 0),
('2022-06-22 15:10:32.967426', '2022-06-22 15:10:32.967426', 57, 13, '加油站', 0),
('2022-06-22 15:10:43.561983', '2022-06-22 15:10:43.561983', 58, 13, '加气站', 0),
('2022-06-22 15:10:54.728303', '2022-06-22 15:10:54.728303', 59, 13, '油气存储点', 0),
('2022-06-22 15:11:08.384666', '2022-06-22 15:11:08.384666', 60, 13, '爆破作业场所', 0),
('2022-06-22 15:11:28.145155', '2022-06-22 15:11:28.145155', 61, 13, '油气管线', 0),
('2022-06-22 15:11:39.809563', '2022-06-22 15:12:20.000000', 62, 13, '易燃易爆品生产使用场所', 0),
('2022-06-22 15:11:52.494055', '2022-06-22 15:12:29.000000', 63, 13, '有毒化学品生产使用场所', 0),
('2022-06-22 15:12:08.172996', '2022-06-22 15:12:08.172996', 64, 13, '放射性化学品生产使用场所', 0),
('2022-06-22 15:12:57.118069', '2022-06-22 15:12:57.118069', 65, 13, '冶炼厂企业场所', 0),
('2022-06-22 15:16:08.148115', '2022-06-22 15:16:08.148115', 66, 26, '铁路监控', 0),
('2022-06-22 15:16:20.205902', '2022-06-22 15:16:20.205902', 67, 26, '自建监控', 0),
('2022-06-22 15:16:31.391811', '2022-06-22 15:16:31.391811', 68, 26, '地方监控', 0),
('2022-06-22 15:16:48.286806', '2022-06-22 15:16:48.286806', 69, 25, '农田地膜集中区', 0),
('2022-06-22 15:16:56.902092', '2022-06-22 15:16:56.902092', 70, 25, '塑料大棚集中区', 0),
('2022-06-22 15:17:06.256236', '2022-06-22 15:17:06.256236', 71, 25, '彩钢房集中区', 0),
('2022-06-22 15:17:20.772421', '2022-06-22 15:17:20.772421', 72, 25, '其他空飘物易出现区', 0),
('2022-06-22 15:18:04.233975', '2022-06-22 15:18:04.233975', 73, 23, '路内岗亭', 0),
('2022-06-22 15:18:18.910523', '2022-06-22 15:18:18.910523', 74, 23, '地方岗亭', 0),
('2022-06-22 15:18:57.802522', '2022-06-22 15:18:57.802522', 75, 24, '塔吊', 0),
('2022-06-22 15:19:08.092590', '2022-06-22 15:19:08.092590', 76, 24, '线杆', 0),
('2022-06-22 15:19:19.283901', '2022-06-22 15:19:19.283901', 77, 24, '高大树木', 0),
('2022-06-22 15:19:30.957482', '2022-06-22 15:19:30.957482', 78, 24, '广告牌', 0),
('2022-06-22 15:19:40.349897', '2022-06-22 15:19:40.349897', 79, 24, '建筑悬挂物', 0),
('2022-06-22 15:33:53.797380', '2022-06-22 15:33:53.797380', 80, 7, '20米以下桥', 0),
('2022-06-22 15:34:07.961807', '2022-06-22 15:34:07.961807', 81, 7, '20-100米桥', 0),
('2022-06-22 15:34:25.221129', '2022-06-22 15:34:25.221129', 82, 7, '100-500米桥', 0),
('2022-06-22 15:34:39.627388', '2022-06-22 15:34:39.627388', 83, 7, '500-1000米桥', 0),
('2022-06-22 15:34:57.399102', '2022-06-22 15:34:57.399102', 84, 7, '1000米以上桥', 0),
('2022-06-22 15:35:26.301452', '2022-06-22 15:35:26.301452', 85, 8, '2.5米以下涵', 0),
('2022-06-22 15:35:35.145518', '2022-06-22 15:35:35.145518', 86, 8, '2.5米以上涵', 0),
('2022-06-23 09:19:01.563714', '2022-06-23 09:19:18.000000', 87, 1, '村庄', 0);

-- --------------------------------------------------------

--
-- 表的结构 `sys_login_log`
--

CREATE TABLE `sys_login_log` (
  `created_at` datetime(6) NOT NULL DEFAULT CURRENT_TIMESTAMP(6),
  `updated_at` datetime(6) NOT NULL DEFAULT CURRENT_TIMESTAMP(6) ON UPDATE CURRENT_TIMESTAMP(6),
  `id` int(11) NOT NULL,
  `user_id` int(11) DEFAULT NULL,
  `ip` varchar(255) DEFAULT NULL,
  `time` datetime DEFAULT NULL,
  `ua` varchar(500) DEFAULT NULL
) ENGINE=InnoDB DEFAULT CHARSET=utf8mb4 COLLATE=utf8mb4_0900_ai_ci;

--
-- 转存表中的数据 `sys_login_log`
--

INSERT INTO `sys_login_log` (`created_at`, `updated_at`, `id`, `user_id`, `ip`, `time`, `ua`) VALUES
('2022-06-27 08:04:17.378364', '2022-06-27 08:04:17.378364', 1, 1, '127.0.0.1', NULL, 'Mozilla/5.0 (Windows NT 10.0; Win64; x64) AppleWebKit/537.36 (KHTML, like Gecko) Chrome/103.0.5060.53 Safari/537.36 Edg/103.0.1264.37'),
('2022-06-27 15:39:26.210473', '2022-06-27 15:39:26.210473', 2, 1, '127.0.0.1', NULL, 'Mozilla/5.0 (Windows NT 10.0; Win64; x64) AppleWebKit/537.36 (KHTML, like Gecko) Chrome/103.0.5060.53 Safari/537.36 Edg/103.0.1264.37'),
('2022-06-28 08:55:31.796687', '2022-06-28 08:55:31.796687', 3, 1, '127.0.0.1', NULL, 'Mozilla/5.0 (Windows NT 10.0; Win64; x64) AppleWebKit/537.36 (KHTML, like Gecko) Chrome/103.0.5060.53 Safari/537.36 Edg/103.0.1264.37'),
('2022-06-28 14:42:12.862267', '2022-06-28 14:42:12.862267', 4, 1, '127.0.0.1', NULL, 'Mozilla/5.0 (Windows NT 10.0; Win64; x64) AppleWebKit/537.36 (KHTML, like Gecko) Chrome/103.0.5060.53 Safari/537.36 Edg/103.0.1264.37'),
('2022-06-28 14:57:35.099453', '2022-06-28 14:57:35.099453', 5, 1, '127.0.0.1', NULL, 'Mozilla/5.0 (Windows NT 10.0; Win64; x64) AppleWebKit/537.36 (KHTML, like Gecko) Chrome/103.0.5060.53 Safari/537.36 Edg/103.0.1264.37'),
('2022-06-28 15:04:38.394643', '2022-06-28 15:04:38.394643', 6, 1, '127.0.0.1', NULL, 'Mozilla/5.0 (Windows NT 10.0; Win64; x64) AppleWebKit/537.36 (KHTML, like Gecko) Chrome/103.0.5060.53 Safari/537.36 Edg/103.0.1264.37'),
('2022-06-28 15:06:11.319529', '2022-06-28 15:06:11.319529', 7, 1, '127.0.0.1', NULL, 'Mozilla/5.0 (Windows NT 10.0; Win64; x64) AppleWebKit/537.36 (KHTML, like Gecko) Chrome/103.0.5060.53 Safari/537.36 Edg/103.0.1264.37'),
('2022-06-28 15:08:52.051279', '2022-06-28 15:08:52.051279', 8, 1, '127.0.0.1', NULL, 'Mozilla/5.0 (Windows NT 10.0; Win64; x64) AppleWebKit/537.36 (KHTML, like Gecko) Chrome/103.0.5060.53 Safari/537.36 Edg/103.0.1264.37');

-- --------------------------------------------------------

--
-- 表的结构 `sys_menu`
--

CREATE TABLE `sys_menu` (
  `created_at` datetime(6) NOT NULL DEFAULT CURRENT_TIMESTAMP(6),
  `updated_at` datetime(6) NOT NULL DEFAULT CURRENT_TIMESTAMP(6) ON UPDATE CURRENT_TIMESTAMP(6),
  `id` int(11) NOT NULL,
  `parent_id` int(11) DEFAULT NULL,
  `name` varchar(255) NOT NULL,
  `router` varchar(255) DEFAULT NULL,
  `perms` varchar(255) DEFAULT NULL,
  `type` tinyint(4) NOT NULL DEFAULT '0',
  `icon` varchar(255) DEFAULT NULL,
  `order_num` int(11) DEFAULT '0',
  `view_path` varchar(255) DEFAULT NULL,
  `keepalive` tinyint(4) DEFAULT '1',
  `is_show` tinyint(4) DEFAULT '1'
) ENGINE=InnoDB DEFAULT CHARSET=utf8mb4 COLLATE=utf8mb4_0900_ai_ci;

--
-- 转存表中的数据 `sys_menu`
--

INSERT INTO `sys_menu` (`created_at`, `updated_at`, `id`, `parent_id`, `name`, `router`, `perms`, `type`, `icon`, `order_num`, `view_path`, `keepalive`, `is_show`) VALUES
('2020-08-28 10:09:26.322745', '2021-12-08 14:51:06.321615', 1, NULL, '系统', '/sys', NULL, 0, 'icon-shezhi', 255, NULL, 1, 1),
('2020-08-01 00:00:00.000000', '2021-12-08 14:52:50.706798', 3, 1, '权限管理', '/sys/permssion', NULL, 0, 'icon-quanxian', 0, '', 1, 1),
('2020-08-08 00:00:00.000000', '2021-12-08 14:53:35.058763', 4, 3, '用户列表', '/sys/permssion/user', NULL, 1, 'icon-yonghu', 0, 'views/system/permission/user', 1, 1),
('2020-08-15 00:00:00.000000', '2020-09-11 06:11:52.000000', 5, 4, '新增', NULL, 'sys:user:add', 2, NULL, 0, NULL, 1, 1),
('2020-08-15 00:00:00.000000', '2020-09-11 06:13:03.000000', 6, 4, '删除', NULL, 'sys:user:delete', 2, NULL, 0, NULL, 1, 1),
('2020-08-08 00:00:00.000000', '2021-12-08 15:05:56.443267', 7, 3, '菜单列表', '/sys/permssion/menu', NULL, 1, 'icon-tiaoxingtu', 0, 'views/system/permission/menu', 1, 1),
('2020-08-15 00:00:00.000000', '2020-08-15 00:00:00.000000', 8, 7, '新增', NULL, 'sys:menu:add', 2, NULL, 0, NULL, 1, 0),
('2020-08-15 00:00:00.000000', '2020-08-15 00:00:00.000000', 9, 7, '删除', NULL, 'sys:menu:delete', 2, NULL, 0, NULL, 1, 1),
('2020-09-02 08:22:27.548410', '2020-09-02 08:22:27.548410', 10, 7, '查询', NULL, 'sys:menu:list,sys:menu:info', 2, NULL, 0, NULL, 1, 1),
('2020-09-04 06:26:36.408290', '2020-09-04 07:13:30.000000', 17, 16, '测试', '', 'sys:menu:list,sys:menu:update,sys:menu:info,sys:menu:add', 2, '', 0, '', 1, 1),
('2020-09-04 08:08:53.621419', '2020-09-04 08:08:53.621419', 19, 7, '修改', '', 'sys:menu:update', 2, '', 0, '', 1, 1),
('2021-04-12 04:28:03.312443', '2021-04-20 10:18:22.000000', 20, 4, '部门移动排序', NULL, 'sys:dept:move', 2, NULL, 255, NULL, 1, 1),
('2020-09-04 09:41:43.133191', '2021-12-08 15:05:56.465526', 23, 3, '角色列表', '/sys/permission/role', '', 1, 'icon-jiaosequanxian', 0, 'views/system/permission/role', 1, 1),
('2020-09-07 02:44:27.663925', '2020-09-07 08:51:18.000000', 25, 23, '删除', '', 'sys:role:delete', 2, '', 0, '', 1, 1),
('2020-09-07 07:08:18.106272', '2020-09-14 10:26:58.000000', 28, 23, '新增', '', 'sys:role:add', 2, '', 0, '', 1, 1),
('2020-09-07 08:51:48.319938', '2020-09-07 08:51:58.000000', 29, 23, '修改', '', 'sys:role:update', 2, '', 0, '', 1, 1),
('2020-09-07 10:39:50.396350', '2020-09-09 06:34:13.000000', 32, 23, '查询', '', 'sys:role:list,sys:role:page,sys:role:info', 2, '', 0, '', 1, 1),
('2020-09-08 05:29:40.117403', '2020-09-11 06:03:43.000000', 33, 4, '部门查询', '', 'sys:dept:list,sys:dept:info', 2, '', 0, '', 1, 1),
('2020-09-09 07:10:08.435753', '2020-09-10 03:41:32.000000', 34, 4, '查询', '', 'sys:user:page,sys:user:info', 2, '', 0, '', 1, 1),
('2020-09-10 05:09:31.904519', '2020-09-10 05:09:31.904519', 35, 4, '更新', '', 'sys:user:update', 2, '', 0, '', 1, 1),
('2020-09-10 08:02:29.853643', '2020-09-10 08:02:40.000000', 36, 4, '部门转移', '', 'sys:dept:transfer', 2, '', 0, '', 1, 1),
('2020-09-11 04:34:00.379002', '2021-12-08 15:07:26.598749', 37, 1, '系统监控', '/sys/monitor', '', 0, 'icon-jiankong1', 0, '', 1, 1),
('2020-09-11 06:12:14.621531', '2020-09-11 06:12:14.621531', 39, 4, '部门新增', '', 'sys:dept:add', 2, '', 0, '', 1, 1),
('2020-09-11 06:13:23.752133', '2020-09-11 06:13:23.752133', 40, 4, '部门删除', '', 'sys:dept:delete', 2, '', 0, '', 1, 1),
('2020-09-11 06:29:52.437621', '2020-09-11 06:29:52.437621', 41, 4, '部门更新', '', 'sys:dept:update', 2, '', 0, '', 1, 1),
('2020-10-12 10:00:49.463487', '2021-12-08 15:07:26.612982', 51, 37, '在线用户', '/sys/monitor/online', NULL, 1, 'icon-zaixianyonghujiankong', 0, 'views/system/monitor/online', 1, 1),
('2020-10-13 03:01:13.787832', '2020-10-13 03:01:13.787832', 52, 51, '查询', '', 'sys:online:list', 2, '', 0, '', 1, 1),
('2020-10-13 03:01:51.480667', '2020-10-13 03:01:51.480667', 53, 51, '下线', '', 'sys:online:kick', 2, '', 0, '', 1, 1),
('2020-10-13 09:52:08.932501', '2021-12-08 15:13:05.157628', 55, 37, '登录日志', '/sys/monitor/login-log', NULL, 1, 'icon-guide', 0, 'views/system/monitor/login-log', 1, 1),
('2020-10-13 09:56:13.285772', '2020-10-13 09:56:13.285772', 56, 55, '查询', '', 'sys:log:login:page', 2, '', 0, '', 1, 1),
('2020-10-19 03:07:18.221647', '2021-12-08 15:13:46.373858', 57, 1, '任务调度', '/sys/schedule', NULL, 0, 'icon-rizhi1', 0, '', 1, 1),
('2020-10-19 03:08:15.925726', '2021-12-08 15:13:05.188350', 58, 57, '定时任务', '/sys/schedule/task', NULL, 1, 'icon-dingshirenwuguanli', 0, 'views/system/schedule/task', 1, 1),
('2020-10-19 03:08:36.247678', '2020-10-19 03:08:36.247678', 59, 58, '查询', '', 'sys:task:page,sys:task:info', 2, '', 0, '', 1, 1),
('2020-10-19 03:09:09.436949', '2020-10-19 03:09:09.436949', 60, 58, '新增', '', 'sys:task:add', 2, '', 0, '', 1, 1),
('2020-10-19 03:09:42.895534', '2020-10-19 03:09:42.895534', 61, 58, '更新', '', 'sys:task:update', 2, '', 0, '', 1, 1),
('2020-10-19 05:45:30.512641', '2020-10-19 05:45:30.512641', 62, 58, '执行一次', '', 'sys:task:once', 2, '', 0, '', 1, 1),
('2020-10-19 05:46:01.910857', '2020-10-19 05:46:01.910857', 63, 58, '运行', '', 'sys:task:start', 2, '', 0, '', 1, 1),
('2020-10-19 05:46:23.694028', '2020-10-19 05:46:23.694028', 64, 58, '暂停', '', 'sys:task:stop', 2, '', 0, '', 1, 1),
('2020-10-19 06:25:52.225518', '2020-10-19 06:25:52.225518', 65, 58, '删除', '', 'sys:task:delete', 2, '', 0, '', 1, 1),
('2020-10-19 07:30:18.456330', '2021-12-08 15:16:03.187915', 66, 57, '任务日志', '/sys/schedule/log', NULL, 1, 'icon-rizhi1', 0, 'views/system/schedule/log', 1, 1),
('2020-10-19 08:09:49.063343', '2020-10-19 08:09:49.063343', 67, 66, '查询', '', 'sys:log:task:page', 2, '', 0, '', 1, 1),
('2021-04-21 08:54:41.018924', '2021-04-21 08:54:41.018924', 68, 4, '更改密码', NULL, 'sys:user:password', 2, NULL, 255, NULL, 1, 1),
('2022-03-11 01:20:42.194253', '2022-03-11 01:26:46.340768', 69, 37, '服务监控', '/sys/monitor/serve', NULL, 1, 'zaixianyonghujiankong', 255, 'views/system/monitor/serve', 1, 1),
('2022-03-11 01:22:47.542216', '2022-03-11 01:26:46.351888', 70, 37, '请求日志', '/sys/schedule/req-log', NULL, 1, 'zhexiantu', 255, 'views/system/monitor/req-log', 1, 1),
('2021-05-16 01:40:03.423681', '2021-05-16 01:40:03.423681', 74, 73, '查询', NULL, 'netdisk:manage:list', 2, NULL, 255, NULL, 1, 1),
('2021-05-16 01:40:27.605473', '2021-05-16 01:40:27.605473', 75, 73, '创建文件夹', NULL, 'netdisk:manage:mkdir', 2, NULL, 255, NULL, 1, 1),
('2021-05-16 01:40:42.986572', '2021-05-16 01:40:42.986572', 76, 73, '上传', NULL, 'netdisk:manage:token', 2, NULL, 255, NULL, 1, 1),
('2021-05-16 01:40:57.687251', '2021-05-16 01:41:36.000000', 77, 73, '重命名', NULL, 'netdisk:manage:rename,netdisk:manage:check', 2, NULL, 255, NULL, 1, 1),
('2021-05-16 01:41:15.070191', '2021-05-16 01:41:15.070191', 78, 73, '下载', NULL, 'netdisk:manage:download', 2, NULL, 255, NULL, 1, 1),
('2021-05-16 01:41:56.637858', '2021-05-16 01:41:56.637858', 79, 73, '删除', NULL, 'netdisk:manage:delete,netdisk:manage:check', 2, NULL, 255, NULL, 1, 1),
('2021-05-16 01:42:17.793185', '2021-05-16 01:42:17.793185', 80, 73, '预览', NULL, 'netdisk:manage:info', 2, NULL, 255, NULL, 1, 1),
('2021-05-16 23:42:36.775883', '2021-05-16 23:42:36.775883', 81, 73, '备注', NULL, 'netdisk:manage:mark', 2, NULL, 255, NULL, 1, 1),
('2021-05-20 21:53:56.574672', '2021-05-20 21:53:56.574672', 82, 73, '复制', NULL, 'netdisk:manage:check,netdisk:manage:copy', 2, NULL, 255, NULL, 1, 1),
('2021-05-20 21:54:18.770632', '2021-05-20 21:54:18.770632', 83, 73, '剪切', NULL, 'netdisk:manage:check,netdisk:manage:cut', 2, NULL, 255, NULL, 1, 1),
('2021-09-28 03:26:27.243134', '2021-09-28 07:55:44.000000', 87, 86, '查询', NULL, 'sys:param-config:page,sys:param-config:info', 2, NULL, 255, NULL, 1, 1),
('2021-09-28 07:56:03.132765', '2021-09-28 07:56:03.132765', 88, 86, '新增', NULL, 'sys:param-config:add', 2, NULL, 255, NULL, 1, 1),
('2021-09-28 07:56:26.180445', '2021-09-28 07:56:26.180445', 89, 86, '删除', NULL, 'sys:param-config:delete', 2, NULL, 255, NULL, 1, 1),
('2021-09-28 07:56:47.269451', '2021-09-28 07:56:47.269451', 90, 86, '更新', NULL, 'sys:param-config:update', 2, NULL, 255, NULL, 1, 1),
('2021-10-11 09:53:38.305927', '2021-10-12 07:20:18.000000', 91, 37, '服务监控', '/sys/monitor/serve', NULL, 1, 'serve', 255, 'views/system/monitor/serve', 1, 1),
('2022-06-19 20:41:53.014756', '2022-06-28 15:13:37.000000', 92, 102, '场所管理', '/xianlu/data', NULL, 1, 'jiankong1', 255, 'views/xianlu/data', 1, 1),
('2022-06-19 20:42:44.810886', '2022-06-19 20:42:44.810886', 93, 92, '数据库权限', NULL, 'sys:data:add,sys:data:page,sys:data:info,sys:data:update,sys:data:delete,sys:data:password,sys:deptdata:list,sys:deptdata:move,sys:deptdata:update,sys:deptdata:delete,sys:deptdata:add,sys:deptdata:info,sys:deptdata:transfer', 2, NULL, 255, NULL, 1, 1),
('2022-06-20 23:09:49.593161', '2022-06-20 23:09:49.593161', 94, 92, '23232', NULL, 'sys:roledata:list,sys:roledata:page,sys:roledata:add,sys:roledata:update,sys:roledata:delete,sys:roledata:info', 2, NULL, 255, NULL, 1, 1),
('2022-06-22 11:26:07.463813', '2022-06-22 11:26:07.463813', 97, NULL, '首页', '/index', NULL, 1, 'ant-design', 0, 'views/index', 1, 1),
('2022-06-23 14:02:01.926936', '2022-06-28 15:11:04.000000', 101, NULL, '案件统计', '/anjian', NULL, 1, 'jingbao', 1, 'views/anjian/index', 1, 1),
('2022-06-23 16:39:56.554520', '2022-06-28 15:11:30.000000', 102, NULL, '基础工作', '/jichu1', NULL, 0, '', 5, NULL, 1, 1),
('2022-06-23 16:41:16.967435', '2022-06-27 08:38:58.000000', 103, NULL, '线路治安动态', '/anjian/xq', NULL, 1, 'yuanhuan-zeng', 3, 'views/anjian/jq', 1, 1),
('2022-06-27 08:28:17.103771', '2022-06-27 08:39:02.000000', 104, NULL, '辖区图', '/xlimage', NULL, 1, 'juxing-tongguo1', 4, 'views/xlimage', 1, 1),
('2022-06-28 15:14:09.382031', '2022-06-28 15:16:19.000000', 105, 102, '人员管理', '/jichu/ren', NULL, 1, 'yonghu1', 255, 'views/xianlu/data', 1, 1),
('2022-06-28 15:16:07.134517', '2022-06-28 15:16:07.134517', 106, 102, '案件管理', '/jichu/anjian', NULL, 1, 'wenjian-zeng', 255, 'views/xianlu/data', 1, 1),
('2022-06-28 15:17:34.915006', '2022-06-28 15:17:34.915006', 107, 102, '线路警情管理', '/jichu/xljq', NULL, 1, 'zaixianyonghujiankong', 255, 'views/xianlu/data', 1, 1);

-- --------------------------------------------------------

--
-- 表的结构 `sys_req_log`
--

CREATE TABLE `sys_req_log` (
  `created_at` datetime(6) NOT NULL DEFAULT CURRENT_TIMESTAMP(6),
  `updated_at` datetime(6) NOT NULL DEFAULT CURRENT_TIMESTAMP(6),
  `id` int(11) NOT NULL,
  `ip` varchar(255) DEFAULT NULL,
  `user_id` int(11) DEFAULT NULL,
  `params` text,
  `action` varchar(100) DEFAULT NULL,
  `method` varchar(15) DEFAULT NULL,
  `status` int(11) DEFAULT NULL,
  `consume_time` int(11) DEFAULT '0'
) ENGINE=InnoDB DEFAULT CHARSET=utf8mb4 COLLATE=utf8mb4_0900_ai_ci;

-- --------------------------------------------------------

--
-- 表的结构 `sys_role`
--

CREATE TABLE `sys_role` (
  `created_at` datetime(6) NOT NULL DEFAULT CURRENT_TIMESTAMP(6),
  `updated_at` datetime(6) NOT NULL DEFAULT CURRENT_TIMESTAMP(6) ON UPDATE CURRENT_TIMESTAMP(6),
  `id` int(11) NOT NULL,
  `user_id` varchar(255) NOT NULL,
  `name` varchar(255) NOT NULL,
  `label` varchar(50) NOT NULL,
  `remark` varchar(255) DEFAULT NULL
) ENGINE=InnoDB DEFAULT CHARSET=utf8mb4 COLLATE=utf8mb4_0900_ai_ci;

--
-- 转存表中的数据 `sys_role`
--

INSERT INTO `sys_role` (`created_at`, `updated_at`, `id`, `user_id`, `name`, `label`, `remark`) VALUES
('2020-08-27 03:35:05.000000', '2020-08-27 03:35:05.000000', 1, 'root', 'root', '超级管理员', NULL),
('2021-12-07 02:22:35.593511', '2021-12-07 02:22:35.593511', 2, '1', '海贼王', 'hzw', '草帽路飞'),
('2021-12-10 08:48:04.813126', '2021-12-10 08:48:04.813126', 3, '1', '火影忍者', 'hyrz', '火影村当村长'),
('2021-12-10 08:52:34.057427', '2021-12-10 08:52:34.057427', 4, '1', '王者荣耀', 'wzry', '敌军还有30秒到达战场');

-- --------------------------------------------------------

--
-- 表的结构 `sys_role_data`
--

CREATE TABLE `sys_role_data` (
  `created_at` datetime(6) NOT NULL DEFAULT CURRENT_TIMESTAMP(6),
  `updated_at` datetime(6) NOT NULL DEFAULT CURRENT_TIMESTAMP(6) ON UPDATE CURRENT_TIMESTAMP(6),
  `id` int(11) NOT NULL,
  `user_id` varchar(255) CHARACTER SET utf8 COLLATE utf8_unicode_ci NOT NULL,
  `name` varchar(255) CHARACTER SET utf8 COLLATE utf8_unicode_ci NOT NULL,
  `label` varchar(50) CHARACTER SET utf8 COLLATE utf8_unicode_ci NOT NULL,
  `remark` varchar(255) CHARACTER SET utf8 COLLATE utf8_unicode_ci DEFAULT NULL
) ENGINE=InnoDB DEFAULT CHARSET=utf8 COLLATE=utf8_unicode_ci;

--
-- 转存表中的数据 `sys_role_data`
--

INSERT INTO `sys_role_data` (`created_at`, `updated_at`, `id`, `user_id`, `name`, `label`, `remark`) VALUES
('2020-08-27 03:35:05.000000', '2020-08-27 03:35:05.000000', 1, 'root', 'root', '超级管理员', NULL),
('2021-12-07 02:22:35.593511', '2022-06-21 12:55:58.000000', 2, '1', '济青高铁', 'hzw', '济青高铁'),
('2021-12-10 08:48:04.813126', '2022-06-21 12:56:09.000000', 3, '1', '胶济客专', 'hyrz', '胶济客专'),
('2021-12-10 08:52:34.057427', '2022-06-21 12:56:16.000000', 4, '1', '胶济线', 'wzry', '胶济线'),
('2022-06-21 12:54:54.144300', '2022-06-21 12:54:54.144300', 5, '1', '张东线', 'zds', '张东线'),
('2022-06-21 12:55:16.137620', '2022-06-22 16:22:58.000000', 6, '1', '莱烟线', '111', '莱烟线'),
('2022-06-21 12:55:25.675738', '2022-06-22 16:23:28.000000', 7, '1', '青荣城际', '222', '青荣城际'),
('2022-06-22 16:31:57.440467', '2022-06-22 16:31:57.440467', 8, '1', '涉水桥梁', 'ssql', '涉水桥梁'),
('2022-06-22 16:34:26.237088', '2022-06-22 16:34:26.237088', 9, '1', '公跨铁桥', 'gktq', '公跨铁桥'),
('2022-06-22 16:34:47.433891', '2022-06-22 16:34:47.433891', 10, '1', '铁跨公桥', 'tkgq', '铁跨公桥'),
('2022-06-22 16:35:25.466357', '2022-06-22 16:35:25.466357', 11, '1', '铁跨铁桥', 'tktq', '铁跨铁桥'),
('2022-06-22 16:37:57.320480', '2022-06-22 16:37:57.320480', 12, '1', '排水涵', 'psh', '排水涵'),
('2022-06-22 16:38:18.873507', '2022-06-22 16:38:18.873507', 13, '1', '交通涵', 'jth', '交通涵');

-- --------------------------------------------------------

--
-- 表的结构 `sys_role_data_menu`
--

CREATE TABLE `sys_role_data_menu` (
  `created_at` datetime(6) NOT NULL DEFAULT CURRENT_TIMESTAMP(6),
  `updated_at` datetime(6) NOT NULL DEFAULT CURRENT_TIMESTAMP(6) ON UPDATE CURRENT_TIMESTAMP(6),
  `id` int(11) NOT NULL,
  `role_id` int(11) NOT NULL,
  `menu_id` int(11) NOT NULL
) ENGINE=InnoDB DEFAULT CHARSET=utf8 COLLATE=utf8_unicode_ci;

--
-- 转存表中的数据 `sys_role_data_menu`
--

INSERT INTO `sys_role_data_menu` (`created_at`, `updated_at`, `id`, `role_id`, `menu_id`) VALUES
('2021-12-07 02:22:35.600066', '2021-12-07 02:22:35.600066', 1, 2, 1),
('2021-12-07 02:22:35.600066', '2021-12-07 02:22:35.600066', 2, 2, 3),
('2021-12-07 02:22:35.600066', '2021-12-07 02:22:35.600066', 3, 2, 4),
('2021-12-07 02:22:35.600066', '2021-12-07 02:22:35.600066', 4, 2, 5),
('2021-12-07 02:22:35.600066', '2021-12-07 02:22:35.600066', 5, 2, 6),
('2021-12-07 02:22:35.600066', '2021-12-07 02:22:35.600066', 6, 2, 20),
('2021-12-07 02:22:35.600066', '2021-12-07 02:22:35.600066', 7, 2, 33),
('2021-12-07 02:22:35.600066', '2021-12-07 02:22:35.600066', 8, 2, 34),
('2021-12-07 02:22:35.600066', '2021-12-07 02:22:35.600066', 9, 2, 35),
('2021-12-07 02:22:35.600066', '2021-12-07 02:22:35.600066', 10, 2, 36),
('2021-12-07 02:22:35.600066', '2021-12-07 02:22:35.600066', 11, 2, 39),
('2021-12-07 02:22:35.600066', '2021-12-07 02:22:35.600066', 12, 2, 40),
('2021-12-07 02:22:35.600066', '2021-12-07 02:22:35.600066', 13, 2, 41),
('2021-12-07 02:22:35.600066', '2021-12-07 02:22:35.600066', 14, 2, 68),
('2021-12-07 02:22:35.600066', '2021-12-07 02:22:35.600066', 15, 2, 7),
('2021-12-07 02:22:35.600066', '2021-12-07 02:22:35.600066', 16, 2, 8),
('2021-12-07 02:22:35.600066', '2021-12-07 02:22:35.600066', 17, 2, 9),
('2021-12-07 02:22:35.600066', '2021-12-07 02:22:35.600066', 18, 2, 10),
('2021-12-07 02:22:35.600066', '2021-12-07 02:22:35.600066', 19, 2, 19),
('2021-12-07 02:22:35.600066', '2021-12-07 02:22:35.600066', 20, 2, 23),
('2021-12-07 02:22:35.600066', '2021-12-07 02:22:35.600066', 21, 2, 25),
('2021-12-07 02:22:35.600066', '2021-12-07 02:22:35.600066', 22, 2, 28),
('2021-12-07 02:22:35.600066', '2021-12-07 02:22:35.600066', 23, 2, 29),
('2021-12-07 02:22:35.600066', '2021-12-07 02:22:35.600066', 24, 2, 32),
('2021-12-07 02:22:35.600066', '2021-12-07 02:22:35.600066', 25, 2, 37),
('2021-12-07 02:22:35.600066', '2021-12-07 02:22:35.600066', 31, 2, 57),
('2021-12-07 02:22:35.600066', '2021-12-07 02:22:35.600066', 32, 2, 58),
('2021-12-07 02:22:35.600066', '2021-12-07 02:22:35.600066', 33, 2, 59),
('2021-12-07 02:22:35.600066', '2021-12-07 02:22:35.600066', 34, 2, 60),
('2021-12-07 02:22:35.600066', '2021-12-07 02:22:35.600066', 35, 2, 61),
('2021-12-07 02:22:35.600066', '2021-12-07 02:22:35.600066', 36, 2, 62),
('2021-12-07 02:22:35.600066', '2021-12-07 02:22:35.600066', 37, 2, 63),
('2021-12-07 02:22:35.600066', '2021-12-07 02:22:35.600066', 38, 2, 64),
('2021-12-07 02:22:35.600066', '2021-12-07 02:22:35.600066', 39, 2, 65),
('2021-12-07 02:22:35.600066', '2021-12-07 02:22:35.600066', 40, 2, 66),
('2021-12-07 02:22:35.600066', '2021-12-07 02:22:35.600066', 41, 2, 67),
('2021-12-10 08:48:04.821154', '2021-12-10 08:48:04.821154', 45, 3, 1),
('2021-12-10 08:48:04.821154', '2021-12-10 08:48:04.821154', 46, 3, 3),
('2021-12-10 08:48:04.821154', '2021-12-10 08:48:04.821154', 47, 3, 37),
('2021-12-10 08:48:04.821154', '2021-12-10 08:48:04.821154', 48, 3, 57),
('2021-12-10 08:48:04.821154', '2021-12-10 08:48:04.821154', 49, 3, 4),
('2021-12-10 08:48:04.821154', '2021-12-10 08:48:04.821154', 50, 3, 7),
('2021-12-10 08:48:04.821154', '2021-12-10 08:48:04.821154', 51, 3, 23),
('2021-12-10 08:48:04.821154', '2021-12-10 08:48:04.821154', 52, 3, 51),
('2021-12-10 08:48:04.821154', '2021-12-10 08:48:04.821154', 53, 3, 55),
('2021-12-10 08:48:04.821154', '2021-12-10 08:48:04.821154', 54, 3, 58),
('2021-12-10 08:48:04.821154', '2021-12-10 08:48:04.821154', 55, 3, 66),
('2021-12-10 08:48:04.821154', '2021-12-10 08:48:04.821154', 56, 3, 5),
('2021-12-10 08:48:04.821154', '2021-12-10 08:48:04.821154', 57, 3, 6),
('2021-12-10 08:48:04.821154', '2021-12-10 08:48:04.821154', 58, 3, 20),
('2021-12-10 08:48:04.821154', '2021-12-10 08:48:04.821154', 59, 3, 33),
('2021-12-10 08:48:04.821154', '2021-12-10 08:48:04.821154', 60, 3, 34),
('2021-12-10 08:48:04.821154', '2021-12-10 08:48:04.821154', 61, 3, 35),
('2021-12-10 08:48:04.821154', '2021-12-10 08:48:04.821154', 62, 3, 36),
('2021-12-10 08:48:04.821154', '2021-12-10 08:48:04.821154', 63, 3, 39),
('2021-12-10 08:48:04.821154', '2021-12-10 08:48:04.821154', 64, 3, 40),
('2021-12-10 08:48:04.821154', '2021-12-10 08:48:04.821154', 65, 3, 41),
('2021-12-10 08:48:04.821154', '2021-12-10 08:48:04.821154', 66, 3, 68),
('2021-12-10 08:48:04.821154', '2021-12-10 08:48:04.821154', 67, 3, 8),
('2021-12-10 08:48:04.821154', '2021-12-10 08:48:04.821154', 68, 3, 9),
('2021-12-10 08:48:04.821154', '2021-12-10 08:48:04.821154', 69, 3, 10),
('2021-12-10 08:48:04.821154', '2021-12-10 08:48:04.821154', 70, 3, 19),
('2021-12-10 08:48:04.821154', '2021-12-10 08:48:04.821154', 71, 3, 25),
('2021-12-10 08:48:04.821154', '2021-12-10 08:48:04.821154', 72, 3, 28),
('2021-12-10 08:48:04.821154', '2021-12-10 08:48:04.821154', 73, 3, 29),
('2021-12-10 08:48:04.821154', '2021-12-10 08:48:04.821154', 74, 3, 32),
('2021-12-10 08:48:04.821154', '2021-12-10 08:48:04.821154', 75, 3, 52),
('2021-12-10 08:48:04.821154', '2021-12-10 08:48:04.821154', 76, 3, 53),
('2021-12-10 08:48:04.821154', '2021-12-10 08:48:04.821154', 77, 3, 56),
('2021-12-10 08:48:04.821154', '2021-12-10 08:48:04.821154', 78, 3, 59),
('2021-12-10 08:48:04.821154', '2021-12-10 08:48:04.821154', 79, 3, 60),
('2021-12-10 08:48:04.821154', '2021-12-10 08:48:04.821154', 80, 3, 61),
('2021-12-10 08:48:04.821154', '2021-12-10 08:48:04.821154', 81, 3, 62),
('2021-12-10 08:48:04.821154', '2021-12-10 08:48:04.821154', 82, 3, 63),
('2021-12-10 08:48:04.821154', '2021-12-10 08:48:04.821154', 83, 3, 64),
('2021-12-10 08:48:04.821154', '2021-12-10 08:48:04.821154', 84, 3, 65),
('2021-12-10 08:48:04.821154', '2021-12-10 08:48:04.821154', 85, 3, 67),
('2021-12-10 08:52:34.061582', '2021-12-10 08:52:34.061582', 89, 4, 3),
('2021-12-10 08:52:34.061582', '2021-12-10 08:52:34.061582', 90, 4, 57),
('2021-12-10 08:52:34.061582', '2021-12-10 08:52:34.061582', 91, 4, 4),
('2021-12-10 08:52:34.061582', '2021-12-10 08:52:34.061582', 92, 4, 7),
('2021-12-10 08:52:34.061582', '2021-12-10 08:52:34.061582', 93, 4, 23),
('2021-12-10 08:52:34.061582', '2021-12-10 08:52:34.061582', 94, 4, 51),
('2021-12-10 08:52:34.061582', '2021-12-10 08:52:34.061582', 95, 4, 58),
('2021-12-10 08:52:34.061582', '2021-12-10 08:52:34.061582', 96, 4, 66),
('2021-12-10 08:52:34.061582', '2021-12-10 08:52:34.061582', 97, 4, 5),
('2021-12-10 08:52:34.061582', '2021-12-10 08:52:34.061582', 98, 4, 6),
('2021-12-10 08:52:34.061582', '2021-12-10 08:52:34.061582', 99, 4, 20),
('2021-12-10 08:52:34.061582', '2021-12-10 08:52:34.061582', 100, 4, 33),
('2021-12-10 08:52:34.061582', '2021-12-10 08:52:34.061582', 101, 4, 34),
('2021-12-10 08:52:34.061582', '2021-12-10 08:52:34.061582', 102, 4, 35),
('2021-12-10 08:52:34.061582', '2021-12-10 08:52:34.061582', 103, 4, 36),
('2021-12-10 08:52:34.061582', '2021-12-10 08:52:34.061582', 104, 4, 39),
('2021-12-10 08:52:34.061582', '2021-12-10 08:52:34.061582', 105, 4, 40),
('2021-12-10 08:52:34.061582', '2021-12-10 08:52:34.061582', 106, 4, 41),
('2021-12-10 08:52:34.061582', '2021-12-10 08:52:34.061582', 107, 4, 68),
('2021-12-10 08:52:34.061582', '2021-12-10 08:52:34.061582', 108, 4, 8),
('2021-12-10 08:52:34.061582', '2021-12-10 08:52:34.061582', 109, 4, 9),
('2021-12-10 08:52:34.061582', '2021-12-10 08:52:34.061582', 110, 4, 10),
('2021-12-10 08:52:34.061582', '2021-12-10 08:52:34.061582', 111, 4, 19),
('2021-12-10 08:52:34.061582', '2021-12-10 08:52:34.061582', 112, 4, 25),
('2021-12-10 08:52:34.061582', '2021-12-10 08:52:34.061582', 113, 4, 28),
('2021-12-10 08:52:34.061582', '2021-12-10 08:52:34.061582', 114, 4, 29),
('2021-12-10 08:52:34.061582', '2021-12-10 08:52:34.061582', 115, 4, 32),
('2021-12-10 08:52:34.061582', '2021-12-10 08:52:34.061582', 116, 4, 52),
('2021-12-10 08:52:34.061582', '2021-12-10 08:52:34.061582', 117, 4, 53),
('2021-12-10 08:52:34.061582', '2021-12-10 08:52:34.061582', 118, 4, 59),
('2021-12-10 08:52:34.061582', '2021-12-10 08:52:34.061582', 119, 4, 60),
('2021-12-10 08:52:34.061582', '2021-12-10 08:52:34.061582', 120, 4, 61),
('2021-12-10 08:52:34.061582', '2021-12-10 08:52:34.061582', 121, 4, 62),
('2021-12-10 08:52:34.061582', '2021-12-10 08:52:34.061582', 122, 4, 63),
('2021-12-10 08:52:34.061582', '2021-12-10 08:52:34.061582', 123, 4, 64),
('2021-12-10 08:52:34.061582', '2021-12-10 08:52:34.061582', 124, 4, 65),
('2021-12-10 08:52:34.061582', '2021-12-10 08:52:34.061582', 125, 4, 67),
('2022-03-28 22:55:14.797600', '2022-03-28 22:55:14.797600', 150, 2, 55),
('2022-03-28 22:55:14.797600', '2022-03-28 22:55:14.797600', 151, 2, 56),
('2022-03-28 22:55:14.797600', '2022-03-28 22:55:14.797600', 152, 2, 70),
('2022-03-28 22:55:35.026831', '2022-03-28 22:55:35.026831', 153, 2, 69),
('2022-06-21 12:54:54.167843', '2022-06-21 12:54:54.167843', 155, 5, 95),
('2022-06-21 12:54:54.167843', '2022-06-21 12:54:54.167843', 156, 5, 96),
('2022-06-21 12:54:54.167843', '2022-06-21 12:54:54.167843', 157, 5, 92),
('2022-06-21 12:54:54.167843', '2022-06-21 12:54:54.167843', 158, 5, 93),
('2022-06-21 12:54:54.167843', '2022-06-21 12:54:54.167843', 159, 5, 94),
('2022-06-21 12:55:16.181547', '2022-06-21 12:55:16.181547', 160, 6, 92),
('2022-06-21 12:55:16.181547', '2022-06-21 12:55:16.181547', 161, 6, 93),
('2022-06-21 12:55:16.181547', '2022-06-21 12:55:16.181547', 162, 6, 94),
('2022-06-21 12:55:16.181547', '2022-06-21 12:55:16.181547', 163, 6, 95),
('2022-06-21 12:55:16.181547', '2022-06-21 12:55:16.181547', 164, 6, 96),
('2022-06-21 12:55:25.715727', '2022-06-21 12:55:25.715727', 165, 7, 92),
('2022-06-21 12:55:25.715727', '2022-06-21 12:55:25.715727', 166, 7, 93),
('2022-06-21 12:55:25.715727', '2022-06-21 12:55:25.715727', 167, 7, 94),
('2022-06-21 12:55:25.715727', '2022-06-21 12:55:25.715727', 168, 7, 95),
('2022-06-21 12:55:25.715727', '2022-06-21 12:55:25.715727', 169, 7, 96),
('2022-06-21 12:56:16.996115', '2022-06-21 12:56:16.996115', 170, 4, 37),
('2022-06-21 12:56:16.996115', '2022-06-21 12:56:16.996115', 171, 4, 1),
('2022-06-22 16:31:58.542443', '2022-06-22 16:31:58.542443', 172, 8, 1),
('2022-06-22 16:31:58.542443', '2022-06-22 16:31:58.542443', 173, 8, 3),
('2022-06-22 16:31:58.542443', '2022-06-22 16:31:58.542443', 174, 8, 37),
('2022-06-22 16:31:58.542443', '2022-06-22 16:31:58.542443', 175, 8, 57),
('2022-06-22 16:31:58.542443', '2022-06-22 16:31:58.542443', 176, 8, 4),
('2022-06-22 16:31:58.542443', '2022-06-22 16:31:58.542443', 177, 8, 7),
('2022-06-22 16:31:58.542443', '2022-06-22 16:31:58.542443', 178, 8, 23),
('2022-06-22 16:31:58.542443', '2022-06-22 16:31:58.542443', 179, 8, 51),
('2022-06-22 16:31:58.542443', '2022-06-22 16:31:58.542443', 180, 8, 55),
('2022-06-22 16:31:58.542443', '2022-06-22 16:31:58.542443', 181, 8, 69),
('2022-06-22 16:31:58.542443', '2022-06-22 16:31:58.542443', 182, 8, 70),
('2022-06-22 16:31:58.542443', '2022-06-22 16:31:58.542443', 183, 8, 91),
('2022-06-22 16:31:58.542443', '2022-06-22 16:31:58.542443', 184, 8, 58),
('2022-06-22 16:31:58.542443', '2022-06-22 16:31:58.542443', 185, 8, 66),
('2022-06-22 16:31:58.542443', '2022-06-22 16:31:58.542443', 186, 8, 5),
('2022-06-22 16:31:58.542443', '2022-06-22 16:31:58.542443', 187, 8, 6),
('2022-06-22 16:31:58.542443', '2022-06-22 16:31:58.542443', 188, 8, 20),
('2022-06-22 16:31:58.542443', '2022-06-22 16:31:58.542443', 189, 8, 33),
('2022-06-22 16:31:58.542443', '2022-06-22 16:31:58.542443', 190, 8, 34),
('2022-06-22 16:31:58.542443', '2022-06-22 16:31:58.542443', 191, 8, 35),
('2022-06-22 16:31:58.542443', '2022-06-22 16:31:58.542443', 192, 8, 36),
('2022-06-22 16:31:58.542443', '2022-06-22 16:31:58.542443', 193, 8, 39),
('2022-06-22 16:31:58.542443', '2022-06-22 16:31:58.542443', 194, 8, 40),
('2022-06-22 16:31:58.542443', '2022-06-22 16:31:58.542443', 195, 8, 41),
('2022-06-22 16:31:58.542443', '2022-06-22 16:31:58.542443', 196, 8, 68),
('2022-06-22 16:31:58.542443', '2022-06-22 16:31:58.542443', 197, 8, 8),
('2022-06-22 16:31:58.542443', '2022-06-22 16:31:58.542443', 198, 8, 9),
('2022-06-22 16:31:58.542443', '2022-06-22 16:31:58.542443', 199, 8, 10),
('2022-06-22 16:31:58.542443', '2022-06-22 16:31:58.542443', 200, 8, 19),
('2022-06-22 16:31:58.542443', '2022-06-22 16:31:58.542443', 201, 8, 25),
('2022-06-22 16:31:58.542443', '2022-06-22 16:31:58.542443', 202, 8, 28),
('2022-06-22 16:31:58.542443', '2022-06-22 16:31:58.542443', 203, 8, 29),
('2022-06-22 16:31:58.542443', '2022-06-22 16:31:58.542443', 204, 8, 32),
('2022-06-22 16:31:58.542443', '2022-06-22 16:31:58.542443', 205, 8, 52),
('2022-06-22 16:31:58.542443', '2022-06-22 16:31:58.542443', 206, 8, 53),
('2022-06-22 16:31:58.542443', '2022-06-22 16:31:58.542443', 207, 8, 56),
('2022-06-22 16:31:58.542443', '2022-06-22 16:31:58.542443', 208, 8, 59),
('2022-06-22 16:31:58.542443', '2022-06-22 16:31:58.542443', 209, 8, 60),
('2022-06-22 16:31:58.542443', '2022-06-22 16:31:58.542443', 210, 8, 61),
('2022-06-22 16:31:58.542443', '2022-06-22 16:31:58.542443', 211, 8, 62),
('2022-06-22 16:31:58.542443', '2022-06-22 16:31:58.542443', 212, 8, 63),
('2022-06-22 16:31:58.542443', '2022-06-22 16:31:58.542443', 213, 8, 64),
('2022-06-22 16:31:58.542443', '2022-06-22 16:31:58.542443', 214, 8, 65),
('2022-06-22 16:31:58.542443', '2022-06-22 16:31:58.542443', 215, 8, 67),
('2022-06-22 16:31:58.542443', '2022-06-22 16:31:58.542443', 216, 8, 92),
('2022-06-22 16:31:58.542443', '2022-06-22 16:31:58.542443', 217, 8, 93),
('2022-06-22 16:31:58.542443', '2022-06-22 16:31:58.542443', 218, 8, 94),
('2022-06-22 16:31:58.542443', '2022-06-22 16:31:58.542443', 219, 8, 95),
('2022-06-22 16:31:58.542443', '2022-06-22 16:31:58.542443', 220, 8, 96),
('2022-06-22 16:34:27.451498', '2022-06-22 16:34:27.451498', 221, 9, 1),
('2022-06-22 16:34:27.451498', '2022-06-22 16:34:27.451498', 222, 9, 3),
('2022-06-22 16:34:27.451498', '2022-06-22 16:34:27.451498', 223, 9, 37),
('2022-06-22 16:34:27.451498', '2022-06-22 16:34:27.451498', 224, 9, 57),
('2022-06-22 16:34:27.451498', '2022-06-22 16:34:27.451498', 225, 9, 4),
('2022-06-22 16:34:27.451498', '2022-06-22 16:34:27.451498', 226, 9, 7),
('2022-06-22 16:34:27.451498', '2022-06-22 16:34:27.451498', 227, 9, 23),
('2022-06-22 16:34:27.451498', '2022-06-22 16:34:27.451498', 228, 9, 51),
('2022-06-22 16:34:27.451498', '2022-06-22 16:34:27.451498', 229, 9, 55),
('2022-06-22 16:34:27.451498', '2022-06-22 16:34:27.451498', 230, 9, 69),
('2022-06-22 16:34:27.451498', '2022-06-22 16:34:27.451498', 231, 9, 70),
('2022-06-22 16:34:27.451498', '2022-06-22 16:34:27.451498', 232, 9, 91),
('2022-06-22 16:34:27.451498', '2022-06-22 16:34:27.451498', 233, 9, 58),
('2022-06-22 16:34:27.451498', '2022-06-22 16:34:27.451498', 234, 9, 66),
('2022-06-22 16:34:27.451498', '2022-06-22 16:34:27.451498', 235, 9, 5),
('2022-06-22 16:34:27.451498', '2022-06-22 16:34:27.451498', 236, 9, 6),
('2022-06-22 16:34:27.451498', '2022-06-22 16:34:27.451498', 237, 9, 20),
('2022-06-22 16:34:27.451498', '2022-06-22 16:34:27.451498', 238, 9, 33),
('2022-06-22 16:34:27.451498', '2022-06-22 16:34:27.451498', 239, 9, 34),
('2022-06-22 16:34:27.451498', '2022-06-22 16:34:27.451498', 240, 9, 35),
('2022-06-22 16:34:27.451498', '2022-06-22 16:34:27.451498', 241, 9, 36),
('2022-06-22 16:34:27.451498', '2022-06-22 16:34:27.451498', 242, 9, 39),
('2022-06-22 16:34:27.451498', '2022-06-22 16:34:27.451498', 243, 9, 40),
('2022-06-22 16:34:27.451498', '2022-06-22 16:34:27.451498', 244, 9, 41),
('2022-06-22 16:34:27.451498', '2022-06-22 16:34:27.451498', 245, 9, 68),
('2022-06-22 16:34:27.451498', '2022-06-22 16:34:27.451498', 246, 9, 8),
('2022-06-22 16:34:27.451498', '2022-06-22 16:34:27.451498', 247, 9, 9),
('2022-06-22 16:34:27.451498', '2022-06-22 16:34:27.451498', 248, 9, 10),
('2022-06-22 16:34:27.451498', '2022-06-22 16:34:27.451498', 249, 9, 19),
('2022-06-22 16:34:27.451498', '2022-06-22 16:34:27.451498', 250, 9, 25),
('2022-06-22 16:34:27.451498', '2022-06-22 16:34:27.451498', 251, 9, 28),
('2022-06-22 16:34:27.451498', '2022-06-22 16:34:27.451498', 252, 9, 29),
('2022-06-22 16:34:27.451498', '2022-06-22 16:34:27.451498', 253, 9, 32),
('2022-06-22 16:34:27.451498', '2022-06-22 16:34:27.451498', 254, 9, 52),
('2022-06-22 16:34:27.451498', '2022-06-22 16:34:27.451498', 255, 9, 53),
('2022-06-22 16:34:27.451498', '2022-06-22 16:34:27.451498', 256, 9, 56),
('2022-06-22 16:34:27.451498', '2022-06-22 16:34:27.451498', 257, 9, 59),
('2022-06-22 16:34:27.451498', '2022-06-22 16:34:27.451498', 258, 9, 60),
('2022-06-22 16:34:27.451498', '2022-06-22 16:34:27.451498', 259, 9, 61),
('2022-06-22 16:34:27.451498', '2022-06-22 16:34:27.451498', 260, 9, 62),
('2022-06-22 16:34:27.451498', '2022-06-22 16:34:27.451498', 261, 9, 63),
('2022-06-22 16:34:27.451498', '2022-06-22 16:34:27.451498', 262, 9, 64),
('2022-06-22 16:34:27.451498', '2022-06-22 16:34:27.451498', 263, 9, 65),
('2022-06-22 16:34:27.451498', '2022-06-22 16:34:27.451498', 264, 9, 67),
('2022-06-22 16:34:47.501512', '2022-06-22 16:34:47.501512', 265, 10, 1),
('2022-06-22 16:34:47.501512', '2022-06-22 16:34:47.501512', 266, 10, 3),
('2022-06-22 16:34:47.501512', '2022-06-22 16:34:47.501512', 267, 10, 37),
('2022-06-22 16:34:47.501512', '2022-06-22 16:34:47.501512', 268, 10, 57),
('2022-06-22 16:34:47.501512', '2022-06-22 16:34:47.501512', 269, 10, 4),
('2022-06-22 16:34:47.501512', '2022-06-22 16:34:47.501512', 270, 10, 7),
('2022-06-22 16:34:47.501512', '2022-06-22 16:34:47.501512', 271, 10, 23),
('2022-06-22 16:34:47.501512', '2022-06-22 16:34:47.501512', 272, 10, 51),
('2022-06-22 16:34:47.501512', '2022-06-22 16:34:47.501512', 273, 10, 55),
('2022-06-22 16:34:47.501512', '2022-06-22 16:34:47.501512', 274, 10, 69),
('2022-06-22 16:34:47.501512', '2022-06-22 16:34:47.501512', 275, 10, 70),
('2022-06-22 16:34:47.501512', '2022-06-22 16:34:47.501512', 276, 10, 91),
('2022-06-22 16:34:47.501512', '2022-06-22 16:34:47.501512', 277, 10, 58),
('2022-06-22 16:34:47.501512', '2022-06-22 16:34:47.501512', 278, 10, 66),
('2022-06-22 16:34:47.501512', '2022-06-22 16:34:47.501512', 279, 10, 5),
('2022-06-22 16:34:47.501512', '2022-06-22 16:34:47.501512', 280, 10, 6),
('2022-06-22 16:34:47.501512', '2022-06-22 16:34:47.501512', 281, 10, 20),
('2022-06-22 16:34:47.501512', '2022-06-22 16:34:47.501512', 282, 10, 33),
('2022-06-22 16:34:47.501512', '2022-06-22 16:34:47.501512', 283, 10, 34),
('2022-06-22 16:34:47.501512', '2022-06-22 16:34:47.501512', 284, 10, 35),
('2022-06-22 16:34:47.501512', '2022-06-22 16:34:47.501512', 285, 10, 36),
('2022-06-22 16:34:47.501512', '2022-06-22 16:34:47.501512', 286, 10, 39),
('2022-06-22 16:34:47.501512', '2022-06-22 16:34:47.501512', 287, 10, 40),
('2022-06-22 16:34:47.501512', '2022-06-22 16:34:47.501512', 288, 10, 41),
('2022-06-22 16:34:47.501512', '2022-06-22 16:34:47.501512', 289, 10, 68),
('2022-06-22 16:34:47.501512', '2022-06-22 16:34:47.501512', 290, 10, 8),
('2022-06-22 16:34:47.501512', '2022-06-22 16:34:47.501512', 291, 10, 9),
('2022-06-22 16:34:47.501512', '2022-06-22 16:34:47.501512', 292, 10, 10),
('2022-06-22 16:34:47.501512', '2022-06-22 16:34:47.501512', 293, 10, 19),
('2022-06-22 16:34:47.501512', '2022-06-22 16:34:47.501512', 294, 10, 25),
('2022-06-22 16:34:47.501512', '2022-06-22 16:34:47.501512', 295, 10, 28),
('2022-06-22 16:34:47.501512', '2022-06-22 16:34:47.501512', 296, 10, 29),
('2022-06-22 16:34:47.501512', '2022-06-22 16:34:47.501512', 297, 10, 32),
('2022-06-22 16:34:47.501512', '2022-06-22 16:34:47.501512', 298, 10, 52),
('2022-06-22 16:34:47.501512', '2022-06-22 16:34:47.501512', 299, 10, 53),
('2022-06-22 16:34:47.501512', '2022-06-22 16:34:47.501512', 300, 10, 56),
('2022-06-22 16:34:47.501512', '2022-06-22 16:34:47.501512', 301, 10, 59),
('2022-06-22 16:34:47.501512', '2022-06-22 16:34:47.501512', 302, 10, 60),
('2022-06-22 16:34:47.501512', '2022-06-22 16:34:47.501512', 303, 10, 61),
('2022-06-22 16:34:47.501512', '2022-06-22 16:34:47.501512', 304, 10, 62),
('2022-06-22 16:34:47.501512', '2022-06-22 16:34:47.501512', 305, 10, 63),
('2022-06-22 16:34:47.501512', '2022-06-22 16:34:47.501512', 306, 10, 64),
('2022-06-22 16:34:47.501512', '2022-06-22 16:34:47.501512', 307, 10, 65),
('2022-06-22 16:34:47.501512', '2022-06-22 16:34:47.501512', 308, 10, 67),
('2022-06-22 16:34:56.953622', '2022-06-22 16:34:56.953622', 309, 10, 99),
('2022-06-22 16:34:56.953622', '2022-06-22 16:34:56.953622', 310, 10, 92),
('2022-06-22 16:34:56.953622', '2022-06-22 16:34:56.953622', 311, 10, 95),
('2022-06-22 16:34:56.953622', '2022-06-22 16:34:56.953622', 312, 10, 93),
('2022-06-22 16:34:56.953622', '2022-06-22 16:34:56.953622', 313, 10, 94),
('2022-06-22 16:34:56.953622', '2022-06-22 16:34:56.953622', 314, 10, 96),
('2022-06-22 16:35:02.024028', '2022-06-22 16:35:02.024028', 315, 9, 99),
('2022-06-22 16:35:02.024028', '2022-06-22 16:35:02.024028', 316, 9, 92),
('2022-06-22 16:35:02.024028', '2022-06-22 16:35:02.024028', 317, 9, 95),
('2022-06-22 16:35:02.024028', '2022-06-22 16:35:02.024028', 318, 9, 93),
('2022-06-22 16:35:02.024028', '2022-06-22 16:35:02.024028', 319, 9, 94),
('2022-06-22 16:35:02.024028', '2022-06-22 16:35:02.024028', 320, 9, 96),
('2022-06-22 16:35:25.492349', '2022-06-22 16:35:25.492349', 321, 11, 99),
('2022-06-22 16:35:25.492349', '2022-06-22 16:35:25.492349', 322, 11, 92),
('2022-06-22 16:35:25.492349', '2022-06-22 16:35:25.492349', 323, 11, 95),
('2022-06-22 16:35:25.492349', '2022-06-22 16:35:25.492349', 324, 11, 93),
('2022-06-22 16:35:25.492349', '2022-06-22 16:35:25.492349', 325, 11, 94),
('2022-06-22 16:35:25.492349', '2022-06-22 16:35:25.492349', 326, 11, 96),
('2022-06-22 16:37:58.513981', '2022-06-22 16:37:58.513981', 327, 12, 99),
('2022-06-22 16:37:58.513981', '2022-06-22 16:37:58.513981', 328, 12, 92),
('2022-06-22 16:37:58.513981', '2022-06-22 16:37:58.513981', 329, 12, 93),
('2022-06-22 16:37:58.513981', '2022-06-22 16:37:58.513981', 330, 12, 94),
('2022-06-22 16:38:18.916763', '2022-06-22 16:38:18.916763', 331, 13, 99),
('2022-06-22 16:38:18.916763', '2022-06-22 16:38:18.916763', 332, 13, 92),
('2022-06-22 16:38:18.916763', '2022-06-22 16:38:18.916763', 333, 13, 93),
('2022-06-22 16:38:18.916763', '2022-06-22 16:38:18.916763', 334, 13, 94);

-- --------------------------------------------------------

--
-- 表的结构 `sys_role_department`
--

CREATE TABLE `sys_role_department` (
  `created_at` datetime(6) NOT NULL DEFAULT CURRENT_TIMESTAMP(6),
  `updated_at` datetime(6) NOT NULL DEFAULT CURRENT_TIMESTAMP(6) ON UPDATE CURRENT_TIMESTAMP(6),
  `id` int(11) NOT NULL,
  `role_id` int(11) NOT NULL,
  `department_id` int(11) NOT NULL
) ENGINE=InnoDB DEFAULT CHARSET=utf8mb4 COLLATE=utf8mb4_0900_ai_ci;

--
-- 转存表中的数据 `sys_role_department`
--

INSERT INTO `sys_role_department` (`created_at`, `updated_at`, `id`, `role_id`, `department_id`) VALUES
('2021-12-07 02:22:35.614418', '2021-12-07 02:22:35.614418', 1, 2, 1),
('2021-12-07 02:22:35.614418', '2021-12-07 02:22:35.614418', 2, 2, 2),
('2021-12-10 08:51:47.333155', '2021-12-10 08:51:47.333155', 14, 3, 1),
('2021-12-10 08:51:47.333155', '2021-12-10 08:51:47.333155', 15, 3, 2),
('2021-12-10 08:51:47.333155', '2021-12-10 08:51:47.333155', 16, 3, 4),
('2021-12-10 08:51:47.333155', '2021-12-10 08:51:47.333155', 17, 3, 5),
('2021-12-10 08:52:34.066897', '2021-12-10 08:52:34.066897', 18, 4, 1),
('2021-12-10 08:52:34.066897', '2021-12-10 08:52:34.066897', 19, 4, 2),
('2021-12-10 08:52:34.066897', '2021-12-10 08:52:34.066897', 20, 4, 4),
('2021-12-10 08:52:34.066897', '2021-12-10 08:52:34.066897', 21, 4, 5),
('2022-06-21 12:54:54.201260', '2022-06-21 12:54:54.201260', 22, 5, 4),
('2022-06-21 12:54:54.201260', '2022-06-21 12:54:54.201260', 23, 5, 5),
('2022-06-21 12:54:54.201260', '2022-06-21 12:54:54.201260', 24, 5, 14),
('2022-06-21 12:54:54.201260', '2022-06-21 12:54:54.201260', 25, 5, 15),
('2022-06-21 12:54:54.201260', '2022-06-21 12:54:54.201260', 26, 5, 1),
('2022-06-21 12:54:54.201260', '2022-06-21 12:54:54.201260', 27, 5, 2),
('2022-06-21 12:54:54.201260', '2022-06-21 12:54:54.201260', 28, 5, 6),
('2022-06-21 12:54:54.201260', '2022-06-21 12:54:54.201260', 29, 5, 7),
('2022-06-21 12:54:54.201260', '2022-06-21 12:54:54.201260', 30, 5, 8),
('2022-06-21 12:54:54.201260', '2022-06-21 12:54:54.201260', 31, 5, 9),
('2022-06-21 12:54:54.201260', '2022-06-21 12:54:54.201260', 32, 5, 10),
('2022-06-21 12:54:54.201260', '2022-06-21 12:54:54.201260', 33, 5, 11),
('2022-06-21 12:54:54.201260', '2022-06-21 12:54:54.201260', 34, 5, 12),
('2022-06-21 12:54:54.201260', '2022-06-21 12:54:54.201260', 35, 5, 13),
('2022-06-21 12:55:16.198292', '2022-06-21 12:55:16.198292', 36, 6, 4),
('2022-06-21 12:55:16.198292', '2022-06-21 12:55:16.198292', 37, 6, 5),
('2022-06-21 12:55:16.198292', '2022-06-21 12:55:16.198292', 38, 6, 14),
('2022-06-21 12:55:16.198292', '2022-06-21 12:55:16.198292', 39, 6, 15),
('2022-06-21 12:55:16.198292', '2022-06-21 12:55:16.198292', 40, 6, 1),
('2022-06-21 12:55:16.198292', '2022-06-21 12:55:16.198292', 41, 6, 2),
('2022-06-21 12:55:16.198292', '2022-06-21 12:55:16.198292', 42, 6, 6),
('2022-06-21 12:55:16.198292', '2022-06-21 12:55:16.198292', 43, 6, 7),
('2022-06-21 12:55:16.198292', '2022-06-21 12:55:16.198292', 44, 6, 8),
('2022-06-21 12:55:16.198292', '2022-06-21 12:55:16.198292', 45, 6, 9),
('2022-06-21 12:55:16.198292', '2022-06-21 12:55:16.198292', 46, 6, 10),
('2022-06-21 12:55:16.198292', '2022-06-21 12:55:16.198292', 47, 6, 11),
('2022-06-21 12:55:16.198292', '2022-06-21 12:55:16.198292', 48, 6, 12),
('2022-06-21 12:55:16.198292', '2022-06-21 12:55:16.198292', 49, 6, 13),
('2022-06-21 12:55:25.733201', '2022-06-21 12:55:25.733201', 50, 7, 1),
('2022-06-21 12:55:25.733201', '2022-06-21 12:55:25.733201', 51, 7, 2),
('2022-06-21 12:55:25.733201', '2022-06-21 12:55:25.733201', 52, 7, 6),
('2022-06-21 12:55:25.733201', '2022-06-21 12:55:25.733201', 53, 7, 7),
('2022-06-21 12:55:25.733201', '2022-06-21 12:55:25.733201', 54, 7, 8),
('2022-06-21 12:55:25.733201', '2022-06-21 12:55:25.733201', 55, 7, 9),
('2022-06-21 12:55:25.733201', '2022-06-21 12:55:25.733201', 56, 7, 10),
('2022-06-21 12:55:25.733201', '2022-06-21 12:55:25.733201', 57, 7, 11),
('2022-06-21 12:55:25.733201', '2022-06-21 12:55:25.733201', 58, 7, 12),
('2022-06-21 12:55:25.733201', '2022-06-21 12:55:25.733201', 59, 7, 13),
('2022-06-21 12:55:25.733201', '2022-06-21 12:55:25.733201', 60, 7, 4),
('2022-06-21 12:55:25.733201', '2022-06-21 12:55:25.733201', 61, 7, 5),
('2022-06-21 12:55:25.733201', '2022-06-21 12:55:25.733201', 62, 7, 14),
('2022-06-21 12:55:25.733201', '2022-06-21 12:55:25.733201', 63, 7, 15),
('2022-06-22 16:31:58.562246', '2022-06-22 16:31:58.562246', 64, 8, 1),
('2022-06-22 16:31:58.562246', '2022-06-22 16:31:58.562246', 65, 8, 2),
('2022-06-22 16:31:58.562246', '2022-06-22 16:31:58.562246', 66, 8, 6),
('2022-06-22 16:31:58.562246', '2022-06-22 16:31:58.562246', 67, 8, 7),
('2022-06-22 16:31:58.562246', '2022-06-22 16:31:58.562246', 68, 8, 8),
('2022-06-22 16:31:58.562246', '2022-06-22 16:31:58.562246', 69, 8, 9),
('2022-06-22 16:31:58.562246', '2022-06-22 16:31:58.562246', 70, 8, 10),
('2022-06-22 16:31:58.562246', '2022-06-22 16:31:58.562246', 71, 8, 11),
('2022-06-22 16:31:58.562246', '2022-06-22 16:31:58.562246', 72, 8, 12),
('2022-06-22 16:31:58.562246', '2022-06-22 16:31:58.562246', 73, 8, 13),
('2022-06-22 16:31:58.562246', '2022-06-22 16:31:58.562246', 74, 8, 16),
('2022-06-22 16:31:58.562246', '2022-06-22 16:31:58.562246', 75, 8, 17),
('2022-06-22 16:31:58.562246', '2022-06-22 16:31:58.562246', 76, 8, 18),
('2022-06-22 16:31:58.562246', '2022-06-22 16:31:58.562246', 77, 8, 20),
('2022-06-22 16:31:58.562246', '2022-06-22 16:31:58.562246', 78, 8, 21),
('2022-06-22 16:31:58.562246', '2022-06-22 16:31:58.562246', 79, 8, 22),
('2022-06-22 16:31:58.562246', '2022-06-22 16:31:58.562246', 80, 8, 23),
('2022-06-22 16:31:58.562246', '2022-06-22 16:31:58.562246', 81, 8, 24),
('2022-06-22 16:31:58.562246', '2022-06-22 16:31:58.562246', 82, 8, 25),
('2022-06-22 16:31:58.562246', '2022-06-22 16:31:58.562246', 83, 8, 26),
('2022-06-22 16:31:58.562246', '2022-06-22 16:31:58.562246', 84, 8, 51),
('2022-06-22 16:31:58.562246', '2022-06-22 16:31:58.562246', 85, 8, 80),
('2022-06-22 16:31:58.562246', '2022-06-22 16:31:58.562246', 86, 8, 81),
('2022-06-22 16:31:58.562246', '2022-06-22 16:31:58.562246', 87, 8, 82),
('2022-06-22 16:31:58.562246', '2022-06-22 16:31:58.562246', 88, 8, 83),
('2022-06-22 16:31:58.562246', '2022-06-22 16:31:58.562246', 89, 8, 84),
('2022-06-22 16:31:58.562246', '2022-06-22 16:31:58.562246', 90, 8, 85),
('2022-06-22 16:31:58.562246', '2022-06-22 16:31:58.562246', 91, 8, 86),
('2022-06-22 16:31:58.562246', '2022-06-22 16:31:58.562246', 92, 8, 40),
('2022-06-22 16:31:58.562246', '2022-06-22 16:31:58.562246', 93, 8, 41),
('2022-06-22 16:31:58.562246', '2022-06-22 16:31:58.562246', 94, 8, 42),
('2022-06-22 16:31:58.562246', '2022-06-22 16:31:58.562246', 95, 8, 43),
('2022-06-22 16:31:58.562246', '2022-06-22 16:31:58.562246', 96, 8, 44),
('2022-06-22 16:31:58.562246', '2022-06-22 16:31:58.562246', 97, 8, 45),
('2022-06-22 16:31:58.562246', '2022-06-22 16:31:58.562246', 98, 8, 46),
('2022-06-22 16:31:58.562246', '2022-06-22 16:31:58.562246', 99, 8, 47),
('2022-06-22 16:31:58.562246', '2022-06-22 16:31:58.562246', 100, 8, 48),
('2022-06-22 16:31:58.562246', '2022-06-22 16:31:58.562246', 101, 8, 49),
('2022-06-22 16:31:58.562246', '2022-06-22 16:31:58.562246', 102, 8, 50),
('2022-06-22 16:31:58.562246', '2022-06-22 16:31:58.562246', 103, 8, 57),
('2022-06-22 16:31:58.562246', '2022-06-22 16:31:58.562246', 104, 8, 58),
('2022-06-22 16:31:58.562246', '2022-06-22 16:31:58.562246', 105, 8, 59),
('2022-06-22 16:31:58.562246', '2022-06-22 16:31:58.562246', 106, 8, 60),
('2022-06-22 16:31:58.562246', '2022-06-22 16:31:58.562246', 107, 8, 61),
('2022-06-22 16:31:58.562246', '2022-06-22 16:31:58.562246', 108, 8, 62),
('2022-06-22 16:31:58.562246', '2022-06-22 16:31:58.562246', 109, 8, 63),
('2022-06-22 16:31:58.562246', '2022-06-22 16:31:58.562246', 110, 8, 64),
('2022-06-22 16:31:58.562246', '2022-06-22 16:31:58.562246', 111, 8, 65),
('2022-06-22 16:31:58.562246', '2022-06-22 16:31:58.562246', 112, 8, 54),
('2022-06-22 16:31:58.562246', '2022-06-22 16:31:58.562246', 113, 8, 55),
('2022-06-22 16:31:58.562246', '2022-06-22 16:31:58.562246', 114, 8, 56),
('2022-06-22 16:31:58.562246', '2022-06-22 16:31:58.562246', 115, 8, 73),
('2022-06-22 16:31:58.562246', '2022-06-22 16:31:58.562246', 116, 8, 74),
('2022-06-22 16:31:58.562246', '2022-06-22 16:31:58.562246', 117, 8, 75),
('2022-06-22 16:31:58.562246', '2022-06-22 16:31:58.562246', 118, 8, 76),
('2022-06-22 16:31:58.562246', '2022-06-22 16:31:58.562246', 119, 8, 77),
('2022-06-22 16:31:58.562246', '2022-06-22 16:31:58.562246', 120, 8, 78),
('2022-06-22 16:31:58.562246', '2022-06-22 16:31:58.562246', 121, 8, 79),
('2022-06-22 16:31:58.562246', '2022-06-22 16:31:58.562246', 122, 8, 69),
('2022-06-22 16:31:58.562246', '2022-06-22 16:31:58.562246', 123, 8, 70),
('2022-06-22 16:31:58.562246', '2022-06-22 16:31:58.562246', 124, 8, 71),
('2022-06-22 16:31:58.562246', '2022-06-22 16:31:58.562246', 125, 8, 72),
('2022-06-22 16:31:58.562246', '2022-06-22 16:31:58.562246', 126, 8, 66),
('2022-06-22 16:31:58.562246', '2022-06-22 16:31:58.562246', 127, 8, 67),
('2022-06-22 16:31:58.562246', '2022-06-22 16:31:58.562246', 128, 8, 68),
('2022-06-22 16:31:58.562246', '2022-06-22 16:31:58.562246', 129, 8, 52),
('2022-06-22 16:31:58.562246', '2022-06-22 16:31:58.562246', 130, 8, 53),
('2022-06-22 16:31:58.562246', '2022-06-22 16:31:58.562246', 131, 8, 4),
('2022-06-22 16:31:58.562246', '2022-06-22 16:31:58.562246', 132, 8, 5),
('2022-06-22 16:31:58.562246', '2022-06-22 16:31:58.562246', 133, 8, 14),
('2022-06-22 16:31:58.562246', '2022-06-22 16:31:58.562246', 134, 8, 15),
('2022-06-22 16:31:58.562246', '2022-06-22 16:31:58.562246', 135, 8, 27),
('2022-06-22 16:31:58.562246', '2022-06-22 16:31:58.562246', 136, 8, 28),
('2022-06-22 16:31:58.562246', '2022-06-22 16:31:58.562246', 137, 8, 29),
('2022-06-22 16:31:58.562246', '2022-06-22 16:31:58.562246', 138, 8, 30),
('2022-06-22 16:31:58.562246', '2022-06-22 16:31:58.562246', 139, 8, 31),
('2022-06-22 16:31:58.562246', '2022-06-22 16:31:58.562246', 140, 8, 32),
('2022-06-22 16:31:58.562246', '2022-06-22 16:31:58.562246', 141, 8, 33),
('2022-06-22 16:31:58.562246', '2022-06-22 16:31:58.562246', 142, 8, 34),
('2022-06-22 16:31:58.562246', '2022-06-22 16:31:58.562246', 143, 8, 35),
('2022-06-22 16:31:58.562246', '2022-06-22 16:31:58.562246', 144, 8, 36),
('2022-06-22 16:31:58.562246', '2022-06-22 16:31:58.562246', 145, 8, 37),
('2022-06-22 16:31:58.562246', '2022-06-22 16:31:58.562246', 146, 8, 38),
('2022-06-22 16:31:58.562246', '2022-06-22 16:31:58.562246', 147, 8, 39),
('2022-06-22 16:34:27.470278', '2022-06-22 16:34:27.470278', 148, 9, 1),
('2022-06-22 16:34:27.470278', '2022-06-22 16:34:27.470278', 149, 9, 2),
('2022-06-22 16:34:27.470278', '2022-06-22 16:34:27.470278', 150, 9, 6),
('2022-06-22 16:34:27.470278', '2022-06-22 16:34:27.470278', 151, 9, 7),
('2022-06-22 16:34:27.470278', '2022-06-22 16:34:27.470278', 152, 9, 8),
('2022-06-22 16:34:27.470278', '2022-06-22 16:34:27.470278', 153, 9, 9),
('2022-06-22 16:34:27.470278', '2022-06-22 16:34:27.470278', 154, 9, 10),
('2022-06-22 16:34:27.470278', '2022-06-22 16:34:27.470278', 155, 9, 11),
('2022-06-22 16:34:27.470278', '2022-06-22 16:34:27.470278', 156, 9, 12),
('2022-06-22 16:34:27.470278', '2022-06-22 16:34:27.470278', 157, 9, 13),
('2022-06-22 16:34:27.470278', '2022-06-22 16:34:27.470278', 158, 9, 16),
('2022-06-22 16:34:27.470278', '2022-06-22 16:34:27.470278', 159, 9, 17),
('2022-06-22 16:34:27.470278', '2022-06-22 16:34:27.470278', 160, 9, 18),
('2022-06-22 16:34:27.470278', '2022-06-22 16:34:27.470278', 161, 9, 20),
('2022-06-22 16:34:27.470278', '2022-06-22 16:34:27.470278', 162, 9, 21),
('2022-06-22 16:34:27.470278', '2022-06-22 16:34:27.470278', 163, 9, 22),
('2022-06-22 16:34:27.470278', '2022-06-22 16:34:27.470278', 164, 9, 23),
('2022-06-22 16:34:27.470278', '2022-06-22 16:34:27.470278', 165, 9, 24),
('2022-06-22 16:34:27.470278', '2022-06-22 16:34:27.470278', 166, 9, 25),
('2022-06-22 16:34:27.470278', '2022-06-22 16:34:27.470278', 167, 9, 26),
('2022-06-22 16:34:27.470278', '2022-06-22 16:34:27.470278', 168, 9, 51),
('2022-06-22 16:34:27.470278', '2022-06-22 16:34:27.470278', 169, 9, 80),
('2022-06-22 16:34:27.470278', '2022-06-22 16:34:27.470278', 170, 9, 81),
('2022-06-22 16:34:27.470278', '2022-06-22 16:34:27.470278', 171, 9, 82),
('2022-06-22 16:34:27.470278', '2022-06-22 16:34:27.470278', 172, 9, 83),
('2022-06-22 16:34:27.470278', '2022-06-22 16:34:27.470278', 173, 9, 84),
('2022-06-22 16:34:27.470278', '2022-06-22 16:34:27.470278', 174, 9, 85),
('2022-06-22 16:34:27.470278', '2022-06-22 16:34:27.470278', 175, 9, 86),
('2022-06-22 16:34:27.470278', '2022-06-22 16:34:27.470278', 176, 9, 40),
('2022-06-22 16:34:27.470278', '2022-06-22 16:34:27.470278', 177, 9, 41),
('2022-06-22 16:34:27.470278', '2022-06-22 16:34:27.470278', 178, 9, 42),
('2022-06-22 16:34:27.470278', '2022-06-22 16:34:27.470278', 179, 9, 43),
('2022-06-22 16:34:27.470278', '2022-06-22 16:34:27.470278', 180, 9, 44),
('2022-06-22 16:34:27.470278', '2022-06-22 16:34:27.470278', 181, 9, 45),
('2022-06-22 16:34:27.470278', '2022-06-22 16:34:27.470278', 182, 9, 46),
('2022-06-22 16:34:27.470278', '2022-06-22 16:34:27.470278', 183, 9, 47),
('2022-06-22 16:34:27.470278', '2022-06-22 16:34:27.470278', 184, 9, 48),
('2022-06-22 16:34:27.470278', '2022-06-22 16:34:27.470278', 185, 9, 49),
('2022-06-22 16:34:27.470278', '2022-06-22 16:34:27.470278', 186, 9, 50),
('2022-06-22 16:34:27.470278', '2022-06-22 16:34:27.470278', 187, 9, 57),
('2022-06-22 16:34:27.470278', '2022-06-22 16:34:27.470278', 188, 9, 58),
('2022-06-22 16:34:27.470278', '2022-06-22 16:34:27.470278', 189, 9, 59),
('2022-06-22 16:34:27.470278', '2022-06-22 16:34:27.470278', 190, 9, 60),
('2022-06-22 16:34:27.470278', '2022-06-22 16:34:27.470278', 191, 9, 61),
('2022-06-22 16:34:27.470278', '2022-06-22 16:34:27.470278', 192, 9, 62),
('2022-06-22 16:34:27.470278', '2022-06-22 16:34:27.470278', 193, 9, 63),
('2022-06-22 16:34:27.470278', '2022-06-22 16:34:27.470278', 194, 9, 64),
('2022-06-22 16:34:27.470278', '2022-06-22 16:34:27.470278', 195, 9, 65),
('2022-06-22 16:34:27.470278', '2022-06-22 16:34:27.470278', 196, 9, 54),
('2022-06-22 16:34:27.470278', '2022-06-22 16:34:27.470278', 197, 9, 55),
('2022-06-22 16:34:27.470278', '2022-06-22 16:34:27.470278', 198, 9, 56),
('2022-06-22 16:34:27.470278', '2022-06-22 16:34:27.470278', 199, 9, 73),
('2022-06-22 16:34:27.470278', '2022-06-22 16:34:27.470278', 200, 9, 74),
('2022-06-22 16:34:27.470278', '2022-06-22 16:34:27.470278', 201, 9, 75),
('2022-06-22 16:34:27.470278', '2022-06-22 16:34:27.470278', 202, 9, 76),
('2022-06-22 16:34:27.470278', '2022-06-22 16:34:27.470278', 203, 9, 77),
('2022-06-22 16:34:27.470278', '2022-06-22 16:34:27.470278', 204, 9, 78),
('2022-06-22 16:34:27.470278', '2022-06-22 16:34:27.470278', 205, 9, 79),
('2022-06-22 16:34:27.470278', '2022-06-22 16:34:27.470278', 206, 9, 69),
('2022-06-22 16:34:27.470278', '2022-06-22 16:34:27.470278', 207, 9, 70),
('2022-06-22 16:34:27.470278', '2022-06-22 16:34:27.470278', 208, 9, 71),
('2022-06-22 16:34:27.470278', '2022-06-22 16:34:27.470278', 209, 9, 72),
('2022-06-22 16:34:27.470278', '2022-06-22 16:34:27.470278', 210, 9, 66),
('2022-06-22 16:34:27.470278', '2022-06-22 16:34:27.470278', 211, 9, 67),
('2022-06-22 16:34:27.470278', '2022-06-22 16:34:27.470278', 212, 9, 68),
('2022-06-22 16:34:27.470278', '2022-06-22 16:34:27.470278', 213, 9, 52),
('2022-06-22 16:34:27.470278', '2022-06-22 16:34:27.470278', 214, 9, 53),
('2022-06-22 16:34:27.470278', '2022-06-22 16:34:27.470278', 215, 9, 4),
('2022-06-22 16:34:27.470278', '2022-06-22 16:34:27.470278', 216, 9, 5),
('2022-06-22 16:34:27.470278', '2022-06-22 16:34:27.470278', 217, 9, 14),
('2022-06-22 16:34:27.470278', '2022-06-22 16:34:27.470278', 218, 9, 15),
('2022-06-22 16:34:27.470278', '2022-06-22 16:34:27.470278', 219, 9, 27),
('2022-06-22 16:34:27.470278', '2022-06-22 16:34:27.470278', 220, 9, 28),
('2022-06-22 16:34:27.470278', '2022-06-22 16:34:27.470278', 221, 9, 29),
('2022-06-22 16:34:27.470278', '2022-06-22 16:34:27.470278', 222, 9, 30),
('2022-06-22 16:34:27.470278', '2022-06-22 16:34:27.470278', 223, 9, 31),
('2022-06-22 16:34:27.470278', '2022-06-22 16:34:27.470278', 224, 9, 32),
('2022-06-22 16:34:27.470278', '2022-06-22 16:34:27.470278', 225, 9, 33),
('2022-06-22 16:34:27.470278', '2022-06-22 16:34:27.470278', 226, 9, 34),
('2022-06-22 16:34:27.470278', '2022-06-22 16:34:27.470278', 227, 9, 35),
('2022-06-22 16:34:27.470278', '2022-06-22 16:34:27.470278', 228, 9, 36),
('2022-06-22 16:34:27.470278', '2022-06-22 16:34:27.470278', 229, 9, 37),
('2022-06-22 16:34:27.470278', '2022-06-22 16:34:27.470278', 230, 9, 38),
('2022-06-22 16:34:27.470278', '2022-06-22 16:34:27.470278', 231, 9, 39),
('2022-06-22 16:34:47.535924', '2022-06-22 16:34:47.535924', 232, 10, 1),
('2022-06-22 16:34:47.535924', '2022-06-22 16:34:47.535924', 233, 10, 2),
('2022-06-22 16:34:47.535924', '2022-06-22 16:34:47.535924', 234, 10, 6),
('2022-06-22 16:34:47.535924', '2022-06-22 16:34:47.535924', 235, 10, 7),
('2022-06-22 16:34:47.535924', '2022-06-22 16:34:47.535924', 236, 10, 8),
('2022-06-22 16:34:47.535924', '2022-06-22 16:34:47.535924', 237, 10, 9),
('2022-06-22 16:34:47.535924', '2022-06-22 16:34:47.535924', 238, 10, 10),
('2022-06-22 16:34:47.535924', '2022-06-22 16:34:47.535924', 239, 10, 11),
('2022-06-22 16:34:47.535924', '2022-06-22 16:34:47.535924', 240, 10, 12),
('2022-06-22 16:34:47.535924', '2022-06-22 16:34:47.535924', 241, 10, 13),
('2022-06-22 16:34:47.535924', '2022-06-22 16:34:47.535924', 242, 10, 16),
('2022-06-22 16:34:47.535924', '2022-06-22 16:34:47.535924', 243, 10, 17),
('2022-06-22 16:34:47.535924', '2022-06-22 16:34:47.535924', 244, 10, 18),
('2022-06-22 16:34:47.535924', '2022-06-22 16:34:47.535924', 245, 10, 20),
('2022-06-22 16:34:47.535924', '2022-06-22 16:34:47.535924', 246, 10, 21),
('2022-06-22 16:34:47.535924', '2022-06-22 16:34:47.535924', 247, 10, 22),
('2022-06-22 16:34:47.535924', '2022-06-22 16:34:47.535924', 248, 10, 23),
('2022-06-22 16:34:47.535924', '2022-06-22 16:34:47.535924', 249, 10, 24),
('2022-06-22 16:34:47.535924', '2022-06-22 16:34:47.535924', 250, 10, 25),
('2022-06-22 16:34:47.535924', '2022-06-22 16:34:47.535924', 251, 10, 26),
('2022-06-22 16:34:47.535924', '2022-06-22 16:34:47.535924', 252, 10, 51),
('2022-06-22 16:34:47.535924', '2022-06-22 16:34:47.535924', 253, 10, 80),
('2022-06-22 16:34:47.535924', '2022-06-22 16:34:47.535924', 254, 10, 81),
('2022-06-22 16:34:47.535924', '2022-06-22 16:34:47.535924', 255, 10, 82),
('2022-06-22 16:34:47.535924', '2022-06-22 16:34:47.535924', 256, 10, 83),
('2022-06-22 16:34:47.535924', '2022-06-22 16:34:47.535924', 257, 10, 84),
('2022-06-22 16:34:47.535924', '2022-06-22 16:34:47.535924', 258, 10, 85),
('2022-06-22 16:34:47.535924', '2022-06-22 16:34:47.535924', 259, 10, 86),
('2022-06-22 16:34:47.535924', '2022-06-22 16:34:47.535924', 260, 10, 40),
('2022-06-22 16:34:47.535924', '2022-06-22 16:34:47.535924', 261, 10, 41),
('2022-06-22 16:34:47.535924', '2022-06-22 16:34:47.535924', 262, 10, 42),
('2022-06-22 16:34:47.535924', '2022-06-22 16:34:47.535924', 263, 10, 43),
('2022-06-22 16:34:47.535924', '2022-06-22 16:34:47.535924', 264, 10, 44),
('2022-06-22 16:34:47.535924', '2022-06-22 16:34:47.535924', 265, 10, 45),
('2022-06-22 16:34:47.535924', '2022-06-22 16:34:47.535924', 266, 10, 46),
('2022-06-22 16:34:47.535924', '2022-06-22 16:34:47.535924', 267, 10, 47),
('2022-06-22 16:34:47.535924', '2022-06-22 16:34:47.535924', 268, 10, 48),
('2022-06-22 16:34:47.535924', '2022-06-22 16:34:47.535924', 269, 10, 49),
('2022-06-22 16:34:47.535924', '2022-06-22 16:34:47.535924', 270, 10, 50),
('2022-06-22 16:34:47.535924', '2022-06-22 16:34:47.535924', 271, 10, 57),
('2022-06-22 16:34:47.535924', '2022-06-22 16:34:47.535924', 272, 10, 58),
('2022-06-22 16:34:47.535924', '2022-06-22 16:34:47.535924', 273, 10, 59),
('2022-06-22 16:34:47.535924', '2022-06-22 16:34:47.535924', 274, 10, 60),
('2022-06-22 16:34:47.535924', '2022-06-22 16:34:47.535924', 275, 10, 61),
('2022-06-22 16:34:47.535924', '2022-06-22 16:34:47.535924', 276, 10, 62),
('2022-06-22 16:34:47.535924', '2022-06-22 16:34:47.535924', 277, 10, 63),
('2022-06-22 16:34:47.535924', '2022-06-22 16:34:47.535924', 278, 10, 64),
('2022-06-22 16:34:47.535924', '2022-06-22 16:34:47.535924', 279, 10, 65),
('2022-06-22 16:34:47.535924', '2022-06-22 16:34:47.535924', 280, 10, 54),
('2022-06-22 16:34:47.535924', '2022-06-22 16:34:47.535924', 281, 10, 55),
('2022-06-22 16:34:47.535924', '2022-06-22 16:34:47.535924', 282, 10, 56),
('2022-06-22 16:34:47.535924', '2022-06-22 16:34:47.535924', 283, 10, 73),
('2022-06-22 16:34:47.535924', '2022-06-22 16:34:47.535924', 284, 10, 74),
('2022-06-22 16:34:47.535924', '2022-06-22 16:34:47.535924', 285, 10, 75),
('2022-06-22 16:34:47.535924', '2022-06-22 16:34:47.535924', 286, 10, 76),
('2022-06-22 16:34:47.535924', '2022-06-22 16:34:47.535924', 287, 10, 77),
('2022-06-22 16:34:47.535924', '2022-06-22 16:34:47.535924', 288, 10, 78),
('2022-06-22 16:34:47.535924', '2022-06-22 16:34:47.535924', 289, 10, 79),
('2022-06-22 16:34:47.535924', '2022-06-22 16:34:47.535924', 290, 10, 69),
('2022-06-22 16:34:47.535924', '2022-06-22 16:34:47.535924', 291, 10, 70),
('2022-06-22 16:34:47.535924', '2022-06-22 16:34:47.535924', 292, 10, 71),
('2022-06-22 16:34:47.535924', '2022-06-22 16:34:47.535924', 293, 10, 72),
('2022-06-22 16:34:47.535924', '2022-06-22 16:34:47.535924', 294, 10, 66),
('2022-06-22 16:34:47.535924', '2022-06-22 16:34:47.535924', 295, 10, 67),
('2022-06-22 16:34:47.535924', '2022-06-22 16:34:47.535924', 296, 10, 68),
('2022-06-22 16:34:47.535924', '2022-06-22 16:34:47.535924', 297, 10, 52),
('2022-06-22 16:34:47.535924', '2022-06-22 16:34:47.535924', 298, 10, 53),
('2022-06-22 16:35:25.500648', '2022-06-22 16:35:25.500648', 299, 11, 1),
('2022-06-22 16:35:25.500648', '2022-06-22 16:35:25.500648', 300, 11, 2),
('2022-06-22 16:35:25.500648', '2022-06-22 16:35:25.500648', 301, 11, 6),
('2022-06-22 16:35:25.500648', '2022-06-22 16:35:25.500648', 302, 11, 7),
('2022-06-22 16:35:25.500648', '2022-06-22 16:35:25.500648', 303, 11, 8),
('2022-06-22 16:35:25.500648', '2022-06-22 16:35:25.500648', 304, 11, 9),
('2022-06-22 16:35:25.500648', '2022-06-22 16:35:25.500648', 305, 11, 10),
('2022-06-22 16:35:25.500648', '2022-06-22 16:35:25.500648', 306, 11, 11),
('2022-06-22 16:35:25.500648', '2022-06-22 16:35:25.500648', 307, 11, 12),
('2022-06-22 16:35:25.500648', '2022-06-22 16:35:25.500648', 308, 11, 13),
('2022-06-22 16:35:25.500648', '2022-06-22 16:35:25.500648', 309, 11, 16),
('2022-06-22 16:35:25.500648', '2022-06-22 16:35:25.500648', 310, 11, 17),
('2022-06-22 16:35:25.500648', '2022-06-22 16:35:25.500648', 311, 11, 18),
('2022-06-22 16:35:25.500648', '2022-06-22 16:35:25.500648', 312, 11, 20),
('2022-06-22 16:35:25.500648', '2022-06-22 16:35:25.500648', 313, 11, 21),
('2022-06-22 16:35:25.500648', '2022-06-22 16:35:25.500648', 314, 11, 22),
('2022-06-22 16:35:25.500648', '2022-06-22 16:35:25.500648', 315, 11, 23),
('2022-06-22 16:35:25.500648', '2022-06-22 16:35:25.500648', 316, 11, 24),
('2022-06-22 16:35:25.500648', '2022-06-22 16:35:25.500648', 317, 11, 25),
('2022-06-22 16:35:25.500648', '2022-06-22 16:35:25.500648', 318, 11, 26),
('2022-06-22 16:35:25.500648', '2022-06-22 16:35:25.500648', 319, 11, 51),
('2022-06-22 16:35:25.500648', '2022-06-22 16:35:25.500648', 320, 11, 80),
('2022-06-22 16:35:25.500648', '2022-06-22 16:35:25.500648', 321, 11, 81),
('2022-06-22 16:35:25.500648', '2022-06-22 16:35:25.500648', 322, 11, 82),
('2022-06-22 16:35:25.500648', '2022-06-22 16:35:25.500648', 323, 11, 83),
('2022-06-22 16:35:25.500648', '2022-06-22 16:35:25.500648', 324, 11, 84),
('2022-06-22 16:35:25.500648', '2022-06-22 16:35:25.500648', 325, 11, 85),
('2022-06-22 16:35:25.500648', '2022-06-22 16:35:25.500648', 326, 11, 86),
('2022-06-22 16:35:25.500648', '2022-06-22 16:35:25.500648', 327, 11, 40),
('2022-06-22 16:35:25.500648', '2022-06-22 16:35:25.500648', 328, 11, 41),
('2022-06-22 16:35:25.500648', '2022-06-22 16:35:25.500648', 329, 11, 42),
('2022-06-22 16:35:25.500648', '2022-06-22 16:35:25.500648', 330, 11, 43),
('2022-06-22 16:35:25.500648', '2022-06-22 16:35:25.500648', 331, 11, 44),
('2022-06-22 16:35:25.500648', '2022-06-22 16:35:25.500648', 332, 11, 45),
('2022-06-22 16:35:25.500648', '2022-06-22 16:35:25.500648', 333, 11, 46),
('2022-06-22 16:35:25.500648', '2022-06-22 16:35:25.500648', 334, 11, 47),
('2022-06-22 16:35:25.500648', '2022-06-22 16:35:25.500648', 335, 11, 48),
('2022-06-22 16:35:25.500648', '2022-06-22 16:35:25.500648', 336, 11, 49),
('2022-06-22 16:35:25.500648', '2022-06-22 16:35:25.500648', 337, 11, 50),
('2022-06-22 16:35:25.500648', '2022-06-22 16:35:25.500648', 338, 11, 57),
('2022-06-22 16:35:25.500648', '2022-06-22 16:35:25.500648', 339, 11, 58),
('2022-06-22 16:35:25.500648', '2022-06-22 16:35:25.500648', 340, 11, 59),
('2022-06-22 16:35:25.500648', '2022-06-22 16:35:25.500648', 341, 11, 60),
('2022-06-22 16:35:25.500648', '2022-06-22 16:35:25.500648', 342, 11, 61),
('2022-06-22 16:35:25.500648', '2022-06-22 16:35:25.500648', 343, 11, 62),
('2022-06-22 16:35:25.500648', '2022-06-22 16:35:25.500648', 344, 11, 63),
('2022-06-22 16:35:25.500648', '2022-06-22 16:35:25.500648', 345, 11, 64),
('2022-06-22 16:35:25.500648', '2022-06-22 16:35:25.500648', 346, 11, 65),
('2022-06-22 16:35:25.500648', '2022-06-22 16:35:25.500648', 347, 11, 54),
('2022-06-22 16:35:25.500648', '2022-06-22 16:35:25.500648', 348, 11, 55),
('2022-06-22 16:35:25.500648', '2022-06-22 16:35:25.500648', 349, 11, 56),
('2022-06-22 16:35:25.500648', '2022-06-22 16:35:25.500648', 350, 11, 73),
('2022-06-22 16:35:25.500648', '2022-06-22 16:35:25.500648', 351, 11, 74),
('2022-06-22 16:35:25.500648', '2022-06-22 16:35:25.500648', 352, 11, 75),
('2022-06-22 16:35:25.500648', '2022-06-22 16:35:25.500648', 353, 11, 76),
('2022-06-22 16:35:25.500648', '2022-06-22 16:35:25.500648', 354, 11, 77),
('2022-06-22 16:35:25.500648', '2022-06-22 16:35:25.500648', 355, 11, 78),
('2022-06-22 16:35:25.500648', '2022-06-22 16:35:25.500648', 356, 11, 79),
('2022-06-22 16:35:25.500648', '2022-06-22 16:35:25.500648', 357, 11, 69),
('2022-06-22 16:35:25.500648', '2022-06-22 16:35:25.500648', 358, 11, 70),
('2022-06-22 16:35:25.500648', '2022-06-22 16:35:25.500648', 359, 11, 71),
('2022-06-22 16:35:25.500648', '2022-06-22 16:35:25.500648', 360, 11, 72),
('2022-06-22 16:35:25.500648', '2022-06-22 16:35:25.500648', 361, 11, 66),
('2022-06-22 16:35:25.500648', '2022-06-22 16:35:25.500648', 362, 11, 67),
('2022-06-22 16:35:25.500648', '2022-06-22 16:35:25.500648', 363, 11, 68),
('2022-06-22 16:35:25.500648', '2022-06-22 16:35:25.500648', 364, 11, 52),
('2022-06-22 16:35:25.500648', '2022-06-22 16:35:25.500648', 365, 11, 53),
('2022-06-22 16:35:25.500648', '2022-06-22 16:35:25.500648', 366, 11, 4),
('2022-06-22 16:35:25.500648', '2022-06-22 16:35:25.500648', 367, 11, 5),
('2022-06-22 16:35:25.500648', '2022-06-22 16:35:25.500648', 368, 11, 14),
('2022-06-22 16:35:25.500648', '2022-06-22 16:35:25.500648', 369, 11, 15),
('2022-06-22 16:35:25.500648', '2022-06-22 16:35:25.500648', 370, 11, 27),
('2022-06-22 16:35:25.500648', '2022-06-22 16:35:25.500648', 371, 11, 28),
('2022-06-22 16:35:25.500648', '2022-06-22 16:35:25.500648', 372, 11, 29),
('2022-06-22 16:35:25.500648', '2022-06-22 16:35:25.500648', 373, 11, 30),
('2022-06-22 16:35:25.500648', '2022-06-22 16:35:25.500648', 374, 11, 31),
('2022-06-22 16:35:25.500648', '2022-06-22 16:35:25.500648', 375, 11, 32),
('2022-06-22 16:35:25.500648', '2022-06-22 16:35:25.500648', 376, 11, 33),
('2022-06-22 16:35:25.500648', '2022-06-22 16:35:25.500648', 377, 11, 34),
('2022-06-22 16:35:25.500648', '2022-06-22 16:35:25.500648', 378, 11, 35),
('2022-06-22 16:35:25.500648', '2022-06-22 16:35:25.500648', 379, 11, 36),
('2022-06-22 16:35:25.500648', '2022-06-22 16:35:25.500648', 380, 11, 37),
('2022-06-22 16:35:25.500648', '2022-06-22 16:35:25.500648', 381, 11, 38),
('2022-06-22 16:35:25.500648', '2022-06-22 16:35:25.500648', 382, 11, 39),
('2022-06-22 16:37:58.527937', '2022-06-22 16:37:58.527937', 383, 12, 1),
('2022-06-22 16:37:58.527937', '2022-06-22 16:37:58.527937', 384, 12, 2),
('2022-06-22 16:37:58.527937', '2022-06-22 16:37:58.527937', 385, 12, 6),
('2022-06-22 16:37:58.527937', '2022-06-22 16:37:58.527937', 386, 12, 7),
('2022-06-22 16:37:58.527937', '2022-06-22 16:37:58.527937', 387, 12, 8),
('2022-06-22 16:37:58.527937', '2022-06-22 16:37:58.527937', 388, 12, 9),
('2022-06-22 16:37:58.527937', '2022-06-22 16:37:58.527937', 389, 12, 10),
('2022-06-22 16:37:58.527937', '2022-06-22 16:37:58.527937', 390, 12, 11),
('2022-06-22 16:37:58.527937', '2022-06-22 16:37:58.527937', 391, 12, 12),
('2022-06-22 16:37:58.527937', '2022-06-22 16:37:58.527937', 392, 12, 13),
('2022-06-22 16:37:58.527937', '2022-06-22 16:37:58.527937', 393, 12, 16),
('2022-06-22 16:37:58.527937', '2022-06-22 16:37:58.527937', 394, 12, 17),
('2022-06-22 16:37:58.527937', '2022-06-22 16:37:58.527937', 395, 12, 18),
('2022-06-22 16:37:58.527937', '2022-06-22 16:37:58.527937', 396, 12, 20),
('2022-06-22 16:37:58.527937', '2022-06-22 16:37:58.527937', 397, 12, 21),
('2022-06-22 16:37:58.527937', '2022-06-22 16:37:58.527937', 398, 12, 22),
('2022-06-22 16:37:58.527937', '2022-06-22 16:37:58.527937', 399, 12, 23),
('2022-06-22 16:37:58.527937', '2022-06-22 16:37:58.527937', 400, 12, 24),
('2022-06-22 16:37:58.527937', '2022-06-22 16:37:58.527937', 401, 12, 25),
('2022-06-22 16:37:58.527937', '2022-06-22 16:37:58.527937', 402, 12, 26),
('2022-06-22 16:37:58.527937', '2022-06-22 16:37:58.527937', 403, 12, 51),
('2022-06-22 16:37:58.527937', '2022-06-22 16:37:58.527937', 404, 12, 80),
('2022-06-22 16:37:58.527937', '2022-06-22 16:37:58.527937', 405, 12, 81),
('2022-06-22 16:37:58.527937', '2022-06-22 16:37:58.527937', 406, 12, 82),
('2022-06-22 16:37:58.527937', '2022-06-22 16:37:58.527937', 407, 12, 83),
('2022-06-22 16:37:58.527937', '2022-06-22 16:37:58.527937', 408, 12, 84),
('2022-06-22 16:37:58.527937', '2022-06-22 16:37:58.527937', 409, 12, 85),
('2022-06-22 16:37:58.527937', '2022-06-22 16:37:58.527937', 410, 12, 86),
('2022-06-22 16:37:58.527937', '2022-06-22 16:37:58.527937', 411, 12, 40),
('2022-06-22 16:37:58.527937', '2022-06-22 16:37:58.527937', 412, 12, 41),
('2022-06-22 16:37:58.527937', '2022-06-22 16:37:58.527937', 413, 12, 42),
('2022-06-22 16:37:58.527937', '2022-06-22 16:37:58.527937', 414, 12, 43),
('2022-06-22 16:37:58.527937', '2022-06-22 16:37:58.527937', 415, 12, 44),
('2022-06-22 16:37:58.527937', '2022-06-22 16:37:58.527937', 416, 12, 45),
('2022-06-22 16:37:58.527937', '2022-06-22 16:37:58.527937', 417, 12, 46),
('2022-06-22 16:37:58.527937', '2022-06-22 16:37:58.527937', 418, 12, 47),
('2022-06-22 16:37:58.527937', '2022-06-22 16:37:58.527937', 419, 12, 48),
('2022-06-22 16:37:58.527937', '2022-06-22 16:37:58.527937', 420, 12, 49),
('2022-06-22 16:37:58.527937', '2022-06-22 16:37:58.527937', 421, 12, 50),
('2022-06-22 16:37:58.527937', '2022-06-22 16:37:58.527937', 422, 12, 57),
('2022-06-22 16:37:58.527937', '2022-06-22 16:37:58.527937', 423, 12, 58),
('2022-06-22 16:37:58.527937', '2022-06-22 16:37:58.527937', 424, 12, 59),
('2022-06-22 16:37:58.527937', '2022-06-22 16:37:58.527937', 425, 12, 60),
('2022-06-22 16:37:58.527937', '2022-06-22 16:37:58.527937', 426, 12, 61),
('2022-06-22 16:37:58.527937', '2022-06-22 16:37:58.527937', 427, 12, 62),
('2022-06-22 16:37:58.527937', '2022-06-22 16:37:58.527937', 428, 12, 63),
('2022-06-22 16:37:58.527937', '2022-06-22 16:37:58.527937', 429, 12, 64),
('2022-06-22 16:37:58.527937', '2022-06-22 16:37:58.527937', 430, 12, 65),
('2022-06-22 16:37:58.527937', '2022-06-22 16:37:58.527937', 431, 12, 54),
('2022-06-22 16:37:58.527937', '2022-06-22 16:37:58.527937', 432, 12, 55),
('2022-06-22 16:37:58.527937', '2022-06-22 16:37:58.527937', 433, 12, 56),
('2022-06-22 16:37:58.527937', '2022-06-22 16:37:58.527937', 434, 12, 73),
('2022-06-22 16:37:58.527937', '2022-06-22 16:37:58.527937', 435, 12, 74),
('2022-06-22 16:37:58.527937', '2022-06-22 16:37:58.527937', 436, 12, 75),
('2022-06-22 16:37:58.527937', '2022-06-22 16:37:58.527937', 437, 12, 76),
('2022-06-22 16:37:58.527937', '2022-06-22 16:37:58.527937', 438, 12, 77),
('2022-06-22 16:37:58.527937', '2022-06-22 16:37:58.527937', 439, 12, 78),
('2022-06-22 16:37:58.527937', '2022-06-22 16:37:58.527937', 440, 12, 79),
('2022-06-22 16:37:58.527937', '2022-06-22 16:37:58.527937', 441, 12, 69),
('2022-06-22 16:37:58.527937', '2022-06-22 16:37:58.527937', 442, 12, 70),
('2022-06-22 16:37:58.527937', '2022-06-22 16:37:58.527937', 443, 12, 71),
('2022-06-22 16:37:58.527937', '2022-06-22 16:37:58.527937', 444, 12, 72),
('2022-06-22 16:37:58.527937', '2022-06-22 16:37:58.527937', 445, 12, 66),
('2022-06-22 16:37:58.527937', '2022-06-22 16:37:58.527937', 446, 12, 67),
('2022-06-22 16:37:58.527937', '2022-06-22 16:37:58.527937', 447, 12, 68),
('2022-06-22 16:37:58.527937', '2022-06-22 16:37:58.527937', 448, 12, 52),
('2022-06-22 16:37:58.527937', '2022-06-22 16:37:58.527937', 449, 12, 53),
('2022-06-22 16:37:58.527937', '2022-06-22 16:37:58.527937', 450, 12, 4),
('2022-06-22 16:37:58.527937', '2022-06-22 16:37:58.527937', 451, 12, 5),
('2022-06-22 16:37:58.527937', '2022-06-22 16:37:58.527937', 452, 12, 14),
('2022-06-22 16:37:58.527937', '2022-06-22 16:37:58.527937', 453, 12, 15),
('2022-06-22 16:37:58.527937', '2022-06-22 16:37:58.527937', 454, 12, 27),
('2022-06-22 16:37:58.527937', '2022-06-22 16:37:58.527937', 455, 12, 28),
('2022-06-22 16:37:58.527937', '2022-06-22 16:37:58.527937', 456, 12, 29),
('2022-06-22 16:37:58.527937', '2022-06-22 16:37:58.527937', 457, 12, 30),
('2022-06-22 16:37:58.527937', '2022-06-22 16:37:58.527937', 458, 12, 31),
('2022-06-22 16:37:58.527937', '2022-06-22 16:37:58.527937', 459, 12, 32),
('2022-06-22 16:37:58.527937', '2022-06-22 16:37:58.527937', 460, 12, 33),
('2022-06-22 16:37:58.527937', '2022-06-22 16:37:58.527937', 461, 12, 34),
('2022-06-22 16:37:58.527937', '2022-06-22 16:37:58.527937', 462, 12, 35),
('2022-06-22 16:37:58.527937', '2022-06-22 16:37:58.527937', 463, 12, 36),
('2022-06-22 16:37:58.527937', '2022-06-22 16:37:58.527937', 464, 12, 37),
('2022-06-22 16:37:58.527937', '2022-06-22 16:37:58.527937', 465, 12, 38),
('2022-06-22 16:37:58.527937', '2022-06-22 16:37:58.527937', 466, 12, 39),
('2022-06-22 16:38:18.929616', '2022-06-22 16:38:18.929616', 467, 13, 1),
('2022-06-22 16:38:18.929616', '2022-06-22 16:38:18.929616', 468, 13, 2),
('2022-06-22 16:38:18.929616', '2022-06-22 16:38:18.929616', 469, 13, 6),
('2022-06-22 16:38:18.929616', '2022-06-22 16:38:18.929616', 470, 13, 7),
('2022-06-22 16:38:18.929616', '2022-06-22 16:38:18.929616', 471, 13, 8),
('2022-06-22 16:38:18.929616', '2022-06-22 16:38:18.929616', 472, 13, 9),
('2022-06-22 16:38:18.929616', '2022-06-22 16:38:18.929616', 473, 13, 10),
('2022-06-22 16:38:18.929616', '2022-06-22 16:38:18.929616', 474, 13, 11),
('2022-06-22 16:38:18.929616', '2022-06-22 16:38:18.929616', 475, 13, 12),
('2022-06-22 16:38:18.929616', '2022-06-22 16:38:18.929616', 476, 13, 13),
('2022-06-22 16:38:18.929616', '2022-06-22 16:38:18.929616', 477, 13, 16),
('2022-06-22 16:38:18.929616', '2022-06-22 16:38:18.929616', 478, 13, 17),
('2022-06-22 16:38:18.929616', '2022-06-22 16:38:18.929616', 479, 13, 18),
('2022-06-22 16:38:18.929616', '2022-06-22 16:38:18.929616', 480, 13, 20),
('2022-06-22 16:38:18.929616', '2022-06-22 16:38:18.929616', 481, 13, 21),
('2022-06-22 16:38:18.929616', '2022-06-22 16:38:18.929616', 482, 13, 22),
('2022-06-22 16:38:18.929616', '2022-06-22 16:38:18.929616', 483, 13, 23),
('2022-06-22 16:38:18.929616', '2022-06-22 16:38:18.929616', 484, 13, 24),
('2022-06-22 16:38:18.929616', '2022-06-22 16:38:18.929616', 485, 13, 25),
('2022-06-22 16:38:18.929616', '2022-06-22 16:38:18.929616', 486, 13, 26),
('2022-06-22 16:38:18.929616', '2022-06-22 16:38:18.929616', 487, 13, 51),
('2022-06-22 16:38:18.929616', '2022-06-22 16:38:18.929616', 488, 13, 80),
('2022-06-22 16:38:18.929616', '2022-06-22 16:38:18.929616', 489, 13, 81),
('2022-06-22 16:38:18.929616', '2022-06-22 16:38:18.929616', 490, 13, 82),
('2022-06-22 16:38:18.929616', '2022-06-22 16:38:18.929616', 491, 13, 83),
('2022-06-22 16:38:18.929616', '2022-06-22 16:38:18.929616', 492, 13, 84),
('2022-06-22 16:38:18.929616', '2022-06-22 16:38:18.929616', 493, 13, 85),
('2022-06-22 16:38:18.929616', '2022-06-22 16:38:18.929616', 494, 13, 86),
('2022-06-22 16:38:18.929616', '2022-06-22 16:38:18.929616', 495, 13, 40),
('2022-06-22 16:38:18.929616', '2022-06-22 16:38:18.929616', 496, 13, 41),
('2022-06-22 16:38:18.929616', '2022-06-22 16:38:18.929616', 497, 13, 42),
('2022-06-22 16:38:18.929616', '2022-06-22 16:38:18.929616', 498, 13, 43),
('2022-06-22 16:38:18.929616', '2022-06-22 16:38:18.929616', 499, 13, 44),
('2022-06-22 16:38:18.929616', '2022-06-22 16:38:18.929616', 500, 13, 45),
('2022-06-22 16:38:18.929616', '2022-06-22 16:38:18.929616', 501, 13, 46),
('2022-06-22 16:38:18.929616', '2022-06-22 16:38:18.929616', 502, 13, 47),
('2022-06-22 16:38:18.929616', '2022-06-22 16:38:18.929616', 503, 13, 48),
('2022-06-22 16:38:18.929616', '2022-06-22 16:38:18.929616', 504, 13, 49),
('2022-06-22 16:38:18.929616', '2022-06-22 16:38:18.929616', 505, 13, 50),
('2022-06-22 16:38:18.929616', '2022-06-22 16:38:18.929616', 506, 13, 57),
('2022-06-22 16:38:18.929616', '2022-06-22 16:38:18.929616', 507, 13, 58),
('2022-06-22 16:38:18.929616', '2022-06-22 16:38:18.929616', 508, 13, 59),
('2022-06-22 16:38:18.929616', '2022-06-22 16:38:18.929616', 509, 13, 60),
('2022-06-22 16:38:18.929616', '2022-06-22 16:38:18.929616', 510, 13, 61),
('2022-06-22 16:38:18.929616', '2022-06-22 16:38:18.929616', 511, 13, 62),
('2022-06-22 16:38:18.929616', '2022-06-22 16:38:18.929616', 512, 13, 63),
('2022-06-22 16:38:18.929616', '2022-06-22 16:38:18.929616', 513, 13, 64),
('2022-06-22 16:38:18.929616', '2022-06-22 16:38:18.929616', 514, 13, 65),
('2022-06-22 16:38:18.929616', '2022-06-22 16:38:18.929616', 515, 13, 54),
('2022-06-22 16:38:18.929616', '2022-06-22 16:38:18.929616', 516, 13, 55),
('2022-06-22 16:38:18.929616', '2022-06-22 16:38:18.929616', 517, 13, 56),
('2022-06-22 16:38:18.929616', '2022-06-22 16:38:18.929616', 518, 13, 73),
('2022-06-22 16:38:18.929616', '2022-06-22 16:38:18.929616', 519, 13, 74),
('2022-06-22 16:38:18.929616', '2022-06-22 16:38:18.929616', 520, 13, 75),
('2022-06-22 16:38:18.929616', '2022-06-22 16:38:18.929616', 521, 13, 76),
('2022-06-22 16:38:18.929616', '2022-06-22 16:38:18.929616', 522, 13, 77),
('2022-06-22 16:38:18.929616', '2022-06-22 16:38:18.929616', 523, 13, 78),
('2022-06-22 16:38:18.929616', '2022-06-22 16:38:18.929616', 524, 13, 79),
('2022-06-22 16:38:18.929616', '2022-06-22 16:38:18.929616', 525, 13, 69),
('2022-06-22 16:38:18.929616', '2022-06-22 16:38:18.929616', 526, 13, 70),
('2022-06-22 16:38:18.929616', '2022-06-22 16:38:18.929616', 527, 13, 71),
('2022-06-22 16:38:18.929616', '2022-06-22 16:38:18.929616', 528, 13, 72),
('2022-06-22 16:38:18.929616', '2022-06-22 16:38:18.929616', 529, 13, 66),
('2022-06-22 16:38:18.929616', '2022-06-22 16:38:18.929616', 530, 13, 67),
('2022-06-22 16:38:18.929616', '2022-06-22 16:38:18.929616', 531, 13, 68),
('2022-06-22 16:38:18.929616', '2022-06-22 16:38:18.929616', 532, 13, 52),
('2022-06-22 16:38:18.929616', '2022-06-22 16:38:18.929616', 533, 13, 53),
('2022-06-22 16:38:18.929616', '2022-06-22 16:38:18.929616', 534, 13, 4),
('2022-06-22 16:38:18.929616', '2022-06-22 16:38:18.929616', 535, 13, 5),
('2022-06-22 16:38:18.929616', '2022-06-22 16:38:18.929616', 536, 13, 14),
('2022-06-22 16:38:18.929616', '2022-06-22 16:38:18.929616', 537, 13, 15),
('2022-06-22 16:38:18.929616', '2022-06-22 16:38:18.929616', 538, 13, 27),
('2022-06-22 16:38:18.929616', '2022-06-22 16:38:18.929616', 539, 13, 28),
('2022-06-22 16:38:18.929616', '2022-06-22 16:38:18.929616', 540, 13, 29),
('2022-06-22 16:38:18.929616', '2022-06-22 16:38:18.929616', 541, 13, 30),
('2022-06-22 16:38:18.929616', '2022-06-22 16:38:18.929616', 542, 13, 31),
('2022-06-22 16:38:18.929616', '2022-06-22 16:38:18.929616', 543, 13, 32),
('2022-06-22 16:38:18.929616', '2022-06-22 16:38:18.929616', 544, 13, 33),
('2022-06-22 16:38:18.929616', '2022-06-22 16:38:18.929616', 545, 13, 34),
('2022-06-22 16:38:18.929616', '2022-06-22 16:38:18.929616', 546, 13, 35),
('2022-06-22 16:38:18.929616', '2022-06-22 16:38:18.929616', 547, 13, 36),
('2022-06-22 16:38:18.929616', '2022-06-22 16:38:18.929616', 548, 13, 37),
('2022-06-22 16:38:18.929616', '2022-06-22 16:38:18.929616', 549, 13, 38),
('2022-06-22 16:38:18.929616', '2022-06-22 16:38:18.929616', 550, 13, 39);

-- --------------------------------------------------------

--
-- 表的结构 `sys_role_departmentdata`
--

CREATE TABLE `sys_role_departmentdata` (
  `created_at` datetime(6) NOT NULL DEFAULT CURRENT_TIMESTAMP(6),
  `updated_at` datetime(6) NOT NULL DEFAULT CURRENT_TIMESTAMP(6) ON UPDATE CURRENT_TIMESTAMP(6),
  `id` int(11) NOT NULL,
  `role_id` int(11) NOT NULL,
  `department_id` int(11) NOT NULL
) ENGINE=InnoDB DEFAULT CHARSET=utf8 COLLATE=utf8_unicode_ci;

--
-- 转存表中的数据 `sys_role_departmentdata`
--

INSERT INTO `sys_role_departmentdata` (`created_at`, `updated_at`, `id`, `role_id`, `department_id`) VALUES
('2021-12-07 02:22:35.614418', '2021-12-07 02:22:35.614418', 1, 2, 1),
('2021-12-07 02:22:35.614418', '2021-12-07 02:22:35.614418', 2, 2, 2),
('2021-12-10 08:51:47.333155', '2021-12-10 08:51:47.333155', 14, 3, 1),
('2021-12-10 08:51:47.333155', '2021-12-10 08:51:47.333155', 15, 3, 2),
('2021-12-10 08:51:47.333155', '2021-12-10 08:51:47.333155', 16, 3, 4),
('2021-12-10 08:51:47.333155', '2021-12-10 08:51:47.333155', 17, 3, 5),
('2021-12-10 08:52:34.066897', '2021-12-10 08:52:34.066897', 18, 4, 1),
('2021-12-10 08:52:34.066897', '2021-12-10 08:52:34.066897', 19, 4, 2),
('2021-12-10 08:52:34.066897', '2021-12-10 08:52:34.066897', 20, 4, 4),
('2021-12-10 08:52:34.066897', '2021-12-10 08:52:34.066897', 21, 4, 5);

-- --------------------------------------------------------

--
-- 表的结构 `sys_role_menu`
--

CREATE TABLE `sys_role_menu` (
  `created_at` datetime(6) NOT NULL DEFAULT CURRENT_TIMESTAMP(6),
  `updated_at` datetime(6) NOT NULL DEFAULT CURRENT_TIMESTAMP(6) ON UPDATE CURRENT_TIMESTAMP(6),
  `id` int(11) NOT NULL,
  `role_id` int(11) NOT NULL,
  `menu_id` int(11) NOT NULL
) ENGINE=InnoDB DEFAULT CHARSET=utf8mb4 COLLATE=utf8mb4_0900_ai_ci;

--
-- 转存表中的数据 `sys_role_menu`
--

INSERT INTO `sys_role_menu` (`created_at`, `updated_at`, `id`, `role_id`, `menu_id`) VALUES
('2021-12-07 02:22:35.600066', '2021-12-07 02:22:35.600066', 1, 2, 1),
('2021-12-07 02:22:35.600066', '2021-12-07 02:22:35.600066', 2, 2, 3),
('2021-12-07 02:22:35.600066', '2021-12-07 02:22:35.600066', 3, 2, 4),
('2021-12-07 02:22:35.600066', '2021-12-07 02:22:35.600066', 4, 2, 5),
('2021-12-07 02:22:35.600066', '2021-12-07 02:22:35.600066', 5, 2, 6),
('2021-12-07 02:22:35.600066', '2021-12-07 02:22:35.600066', 6, 2, 20),
('2021-12-07 02:22:35.600066', '2021-12-07 02:22:35.600066', 7, 2, 33),
('2021-12-07 02:22:35.600066', '2021-12-07 02:22:35.600066', 8, 2, 34),
('2021-12-07 02:22:35.600066', '2021-12-07 02:22:35.600066', 9, 2, 35),
('2021-12-07 02:22:35.600066', '2021-12-07 02:22:35.600066', 10, 2, 36),
('2021-12-07 02:22:35.600066', '2021-12-07 02:22:35.600066', 11, 2, 39),
('2021-12-07 02:22:35.600066', '2021-12-07 02:22:35.600066', 12, 2, 40),
('2021-12-07 02:22:35.600066', '2021-12-07 02:22:35.600066', 13, 2, 41),
('2021-12-07 02:22:35.600066', '2021-12-07 02:22:35.600066', 14, 2, 68),
('2021-12-07 02:22:35.600066', '2021-12-07 02:22:35.600066', 15, 2, 7),
('2021-12-07 02:22:35.600066', '2021-12-07 02:22:35.600066', 16, 2, 8),
('2021-12-07 02:22:35.600066', '2021-12-07 02:22:35.600066', 17, 2, 9),
('2021-12-07 02:22:35.600066', '2021-12-07 02:22:35.600066', 18, 2, 10),
('2021-12-07 02:22:35.600066', '2021-12-07 02:22:35.600066', 19, 2, 19),
('2021-12-07 02:22:35.600066', '2021-12-07 02:22:35.600066', 20, 2, 23),
('2021-12-07 02:22:35.600066', '2021-12-07 02:22:35.600066', 21, 2, 25),
('2021-12-07 02:22:35.600066', '2021-12-07 02:22:35.600066', 22, 2, 28),
('2021-12-07 02:22:35.600066', '2021-12-07 02:22:35.600066', 23, 2, 29),
('2021-12-07 02:22:35.600066', '2021-12-07 02:22:35.600066', 24, 2, 32),
('2021-12-07 02:22:35.600066', '2021-12-07 02:22:35.600066', 25, 2, 37),
('2021-12-07 02:22:35.600066', '2021-12-07 02:22:35.600066', 31, 2, 57),
('2021-12-07 02:22:35.600066', '2021-12-07 02:22:35.600066', 32, 2, 58),
('2021-12-07 02:22:35.600066', '2021-12-07 02:22:35.600066', 33, 2, 59),
('2021-12-07 02:22:35.600066', '2021-12-07 02:22:35.600066', 34, 2, 60),
('2021-12-07 02:22:35.600066', '2021-12-07 02:22:35.600066', 35, 2, 61),
('2021-12-07 02:22:35.600066', '2021-12-07 02:22:35.600066', 36, 2, 62),
('2021-12-07 02:22:35.600066', '2021-12-07 02:22:35.600066', 37, 2, 63),
('2021-12-07 02:22:35.600066', '2021-12-07 02:22:35.600066', 38, 2, 64),
('2021-12-07 02:22:35.600066', '2021-12-07 02:22:35.600066', 39, 2, 65),
('2021-12-07 02:22:35.600066', '2021-12-07 02:22:35.600066', 40, 2, 66),
('2021-12-07 02:22:35.600066', '2021-12-07 02:22:35.600066', 41, 2, 67),
('2021-12-07 02:22:35.600066', '2021-12-07 02:22:35.600066', 42, 2, 44),
('2021-12-07 02:22:35.600066', '2021-12-07 02:22:35.600066', 43, 2, 26),
('2021-12-07 02:22:35.600066', '2021-12-07 02:22:35.600066', 44, 2, 27),
('2021-12-10 08:48:04.821154', '2021-12-10 08:48:04.821154', 45, 3, 1),
('2021-12-10 08:48:04.821154', '2021-12-10 08:48:04.821154', 46, 3, 3),
('2021-12-10 08:48:04.821154', '2021-12-10 08:48:04.821154', 47, 3, 37),
('2021-12-10 08:48:04.821154', '2021-12-10 08:48:04.821154', 48, 3, 57),
('2021-12-10 08:48:04.821154', '2021-12-10 08:48:04.821154', 49, 3, 4),
('2021-12-10 08:48:04.821154', '2021-12-10 08:48:04.821154', 50, 3, 7),
('2021-12-10 08:48:04.821154', '2021-12-10 08:48:04.821154', 51, 3, 23),
('2021-12-10 08:48:04.821154', '2021-12-10 08:48:04.821154', 52, 3, 51),
('2021-12-10 08:48:04.821154', '2021-12-10 08:48:04.821154', 53, 3, 55),
('2021-12-10 08:48:04.821154', '2021-12-10 08:48:04.821154', 54, 3, 58),
('2021-12-10 08:48:04.821154', '2021-12-10 08:48:04.821154', 55, 3, 66),
('2021-12-10 08:48:04.821154', '2021-12-10 08:48:04.821154', 56, 3, 5),
('2021-12-10 08:48:04.821154', '2021-12-10 08:48:04.821154', 57, 3, 6),
('2021-12-10 08:48:04.821154', '2021-12-10 08:48:04.821154', 58, 3, 20),
('2021-12-10 08:48:04.821154', '2021-12-10 08:48:04.821154', 59, 3, 33),
('2021-12-10 08:48:04.821154', '2021-12-10 08:48:04.821154', 60, 3, 34),
('2021-12-10 08:48:04.821154', '2021-12-10 08:48:04.821154', 61, 3, 35),
('2021-12-10 08:48:04.821154', '2021-12-10 08:48:04.821154', 62, 3, 36),
('2021-12-10 08:48:04.821154', '2021-12-10 08:48:04.821154', 63, 3, 39),
('2021-12-10 08:48:04.821154', '2021-12-10 08:48:04.821154', 64, 3, 40),
('2021-12-10 08:48:04.821154', '2021-12-10 08:48:04.821154', 65, 3, 41),
('2021-12-10 08:48:04.821154', '2021-12-10 08:48:04.821154', 66, 3, 68),
('2021-12-10 08:48:04.821154', '2021-12-10 08:48:04.821154', 67, 3, 8),
('2021-12-10 08:48:04.821154', '2021-12-10 08:48:04.821154', 68, 3, 9),
('2021-12-10 08:48:04.821154', '2021-12-10 08:48:04.821154', 69, 3, 10),
('2021-12-10 08:48:04.821154', '2021-12-10 08:48:04.821154', 70, 3, 19),
('2021-12-10 08:48:04.821154', '2021-12-10 08:48:04.821154', 71, 3, 25),
('2021-12-10 08:48:04.821154', '2021-12-10 08:48:04.821154', 72, 3, 28),
('2021-12-10 08:48:04.821154', '2021-12-10 08:48:04.821154', 73, 3, 29),
('2021-12-10 08:48:04.821154', '2021-12-10 08:48:04.821154', 74, 3, 32),
('2021-12-10 08:48:04.821154', '2021-12-10 08:48:04.821154', 75, 3, 52),
('2021-12-10 08:48:04.821154', '2021-12-10 08:48:04.821154', 76, 3, 53),
('2021-12-10 08:48:04.821154', '2021-12-10 08:48:04.821154', 77, 3, 56),
('2021-12-10 08:48:04.821154', '2021-12-10 08:48:04.821154', 78, 3, 59),
('2021-12-10 08:48:04.821154', '2021-12-10 08:48:04.821154', 79, 3, 60),
('2021-12-10 08:48:04.821154', '2021-12-10 08:48:04.821154', 80, 3, 61),
('2021-12-10 08:48:04.821154', '2021-12-10 08:48:04.821154', 81, 3, 62),
('2021-12-10 08:48:04.821154', '2021-12-10 08:48:04.821154', 82, 3, 63),
('2021-12-10 08:48:04.821154', '2021-12-10 08:48:04.821154', 83, 3, 64),
('2021-12-10 08:48:04.821154', '2021-12-10 08:48:04.821154', 84, 3, 65),
('2021-12-10 08:48:04.821154', '2021-12-10 08:48:04.821154', 85, 3, 67),
('2021-12-10 08:48:04.821154', '2021-12-10 08:48:04.821154', 86, 3, 44),
('2021-12-10 08:48:04.821154', '2021-12-10 08:48:04.821154', 87, 3, 26),
('2021-12-10 08:48:04.821154', '2021-12-10 08:48:04.821154', 88, 3, 27),
('2021-12-10 08:52:34.061582', '2021-12-10 08:52:34.061582', 89, 4, 3),
('2021-12-10 08:52:34.061582', '2021-12-10 08:52:34.061582', 90, 4, 57),
('2021-12-10 08:52:34.061582', '2021-12-10 08:52:34.061582', 91, 4, 4),
('2021-12-10 08:52:34.061582', '2021-12-10 08:52:34.061582', 92, 4, 7),
('2021-12-10 08:52:34.061582', '2021-12-10 08:52:34.061582', 93, 4, 23),
('2021-12-10 08:52:34.061582', '2021-12-10 08:52:34.061582', 94, 4, 51),
('2021-12-10 08:52:34.061582', '2021-12-10 08:52:34.061582', 95, 4, 58),
('2021-12-10 08:52:34.061582', '2021-12-10 08:52:34.061582', 96, 4, 66),
('2021-12-10 08:52:34.061582', '2021-12-10 08:52:34.061582', 97, 4, 5),
('2021-12-10 08:52:34.061582', '2021-12-10 08:52:34.061582', 98, 4, 6),
('2021-12-10 08:52:34.061582', '2021-12-10 08:52:34.061582', 99, 4, 20),
('2021-12-10 08:52:34.061582', '2021-12-10 08:52:34.061582', 100, 4, 33),
('2021-12-10 08:52:34.061582', '2021-12-10 08:52:34.061582', 101, 4, 34),
('2021-12-10 08:52:34.061582', '2021-12-10 08:52:34.061582', 102, 4, 35),
('2021-12-10 08:52:34.061582', '2021-12-10 08:52:34.061582', 103, 4, 36),
('2021-12-10 08:52:34.061582', '2021-12-10 08:52:34.061582', 104, 4, 39),
('2021-12-10 08:52:34.061582', '2021-12-10 08:52:34.061582', 105, 4, 40),
('2021-12-10 08:52:34.061582', '2021-12-10 08:52:34.061582', 106, 4, 41),
('2021-12-10 08:52:34.061582', '2021-12-10 08:52:34.061582', 107, 4, 68),
('2021-12-10 08:52:34.061582', '2021-12-10 08:52:34.061582', 108, 4, 8),
('2021-12-10 08:52:34.061582', '2021-12-10 08:52:34.061582', 109, 4, 9),
('2021-12-10 08:52:34.061582', '2021-12-10 08:52:34.061582', 110, 4, 10),
('2021-12-10 08:52:34.061582', '2021-12-10 08:52:34.061582', 111, 4, 19),
('2021-12-10 08:52:34.061582', '2021-12-10 08:52:34.061582', 112, 4, 25),
('2021-12-10 08:52:34.061582', '2021-12-10 08:52:34.061582', 113, 4, 28),
('2021-12-10 08:52:34.061582', '2021-12-10 08:52:34.061582', 114, 4, 29),
('2021-12-10 08:52:34.061582', '2021-12-10 08:52:34.061582', 115, 4, 32),
('2021-12-10 08:52:34.061582', '2021-12-10 08:52:34.061582', 116, 4, 52),
('2021-12-10 08:52:34.061582', '2021-12-10 08:52:34.061582', 117, 4, 53),
('2021-12-10 08:52:34.061582', '2021-12-10 08:52:34.061582', 118, 4, 59),
('2021-12-10 08:52:34.061582', '2021-12-10 08:52:34.061582', 119, 4, 60),
('2021-12-10 08:52:34.061582', '2021-12-10 08:52:34.061582', 120, 4, 61),
('2021-12-10 08:52:34.061582', '2021-12-10 08:52:34.061582', 121, 4, 62),
('2021-12-10 08:52:34.061582', '2021-12-10 08:52:34.061582', 122, 4, 63),
('2021-12-10 08:52:34.061582', '2021-12-10 08:52:34.061582', 123, 4, 64),
('2021-12-10 08:52:34.061582', '2021-12-10 08:52:34.061582', 124, 4, 65),
('2021-12-10 08:52:34.061582', '2021-12-10 08:52:34.061582', 125, 4, 67),
('2021-12-10 08:52:34.061582', '2021-12-10 08:52:34.061582', 126, 4, 44),
('2021-12-10 08:52:34.061582', '2021-12-10 08:52:34.061582', 127, 4, 26),
('2021-12-10 08:52:34.061582', '2021-12-10 08:52:34.061582', 128, 4, 27),
('2022-03-28 22:55:14.797600', '2022-03-28 22:55:14.797600', 150, 2, 55),
('2022-03-28 22:55:14.797600', '2022-03-28 22:55:14.797600', 151, 2, 56),
('2022-03-28 22:55:14.797600', '2022-03-28 22:55:14.797600', 152, 2, 70),
('2022-03-28 22:55:35.026831', '2022-03-28 22:55:35.026831', 153, 2, 69),
('2022-03-28 22:57:03.949897', '2022-03-28 22:57:03.949897', 154, 2, 84);

-- --------------------------------------------------------

--
-- 表的结构 `sys_task`
--

CREATE TABLE `sys_task` (
  `created_at` datetime(6) NOT NULL DEFAULT CURRENT_TIMESTAMP(6),
  `updated_at` datetime(6) NOT NULL DEFAULT CURRENT_TIMESTAMP(6) ON UPDATE CURRENT_TIMESTAMP(6),
  `id` int(11) NOT NULL,
  `name` varchar(50) NOT NULL,
  `service` varchar(255) NOT NULL,
  `type` tinyint(4) NOT NULL DEFAULT '0',
  `status` tinyint(4) NOT NULL DEFAULT '1',
  `start_time` datetime DEFAULT NULL,
  `end_time` datetime DEFAULT NULL,
  `limit` int(11) DEFAULT '0',
  `cron` varchar(255) DEFAULT NULL,
  `every` int(11) DEFAULT NULL,
  `data` text,
  `job_opts` text,
  `remark` varchar(255) DEFAULT NULL
) ENGINE=InnoDB DEFAULT CHARSET=utf8mb4 COLLATE=utf8mb4_0900_ai_ci;

--
-- 转存表中的数据 `sys_task`
--

INSERT INTO `sys_task` (`created_at`, `updated_at`, `id`, `name`, `service`, `type`, `status`, `start_time`, `end_time`, `limit`, `cron`, `every`, `data`, `job_opts`, `remark`) VALUES
('2020-10-19 08:54:42.760785', '2022-06-28 15:03:23.000000', 2, '定时清空登录日志', 'SysLogClearJob.clearLoginLog', 0, 1, NULL, NULL, 0, '0 0 3 ? * 1', 0, '', '{\"count\":1,\"key\":\"__default__:2:::0 0 3 ? * 1\",\"cron\":\"0 0 3 ? * 1\",\"jobId\":2}', ''),
('2020-10-19 08:55:06.050711', '2022-06-28 15:03:23.000000', 3, '定时清空任务日志', 'SysLogClearJob.clearTaskLog', 0, 1, NULL, NULL, 0, '0 0 3 ? * 1', 0, '', '{\"count\":1,\"key\":\"__default__:3:::0 0 3 ? * 1\",\"cron\":\"0 0 3 ? * 1\",\"jobId\":3}', '');

-- --------------------------------------------------------

--
-- 表的结构 `sys_task_log`
--

CREATE TABLE `sys_task_log` (
  `created_at` datetime(6) NOT NULL DEFAULT CURRENT_TIMESTAMP(6),
  `updated_at` datetime(6) NOT NULL DEFAULT CURRENT_TIMESTAMP(6) ON UPDATE CURRENT_TIMESTAMP(6),
  `id` int(11) NOT NULL,
  `task_id` int(11) NOT NULL,
  `status` tinyint(4) NOT NULL DEFAULT '0',
  `detail` text,
  `consume_time` int(11) DEFAULT '0'
) ENGINE=InnoDB DEFAULT CHARSET=utf8mb4 COLLATE=utf8mb4_0900_ai_ci;

--
-- 转存表中的数据 `sys_task_log`
--

INSERT INTO `sys_task_log` (`created_at`, `updated_at`, `id`, `task_id`, `status`, `detail`, `consume_time`) VALUES
('2022-06-27 03:00:01.975201', '2022-06-27 03:00:01.975201', 1, 3, 1, NULL, 0);

-- --------------------------------------------------------

--
-- 表的结构 `sys_user`
--

CREATE TABLE `sys_user` (
  `created_at` datetime(6) NOT NULL DEFAULT CURRENT_TIMESTAMP(6),
  `updated_at` datetime(6) NOT NULL DEFAULT CURRENT_TIMESTAMP(6) ON UPDATE CURRENT_TIMESTAMP(6),
  `id` int(11) NOT NULL,
  `department_id` int(11) NOT NULL,
  `name` varchar(255) NOT NULL,
  `username` varchar(255) NOT NULL,
  `password` varchar(255) NOT NULL,
  `nick_name` varchar(255) DEFAULT NULL,
  `head_img` varchar(255) DEFAULT NULL,
  `email` varchar(255) DEFAULT NULL,
  `phone` varchar(255) DEFAULT NULL,
  `remark` varchar(255) DEFAULT NULL,
  `psalt` varchar(32) NOT NULL,
  `status` tinyint(4) DEFAULT '1'
) ENGINE=InnoDB DEFAULT CHARSET=utf8mb4 COLLATE=utf8mb4_0900_ai_ci;

--
-- 转存表中的数据 `sys_user`
--

INSERT INTO `sys_user` (`created_at`, `updated_at`, `id`, `department_id`, `name`, `username`, `password`, `nick_name`, `head_img`, `email`, `phone`, `remark`, `psalt`, `status`) VALUES
('2020-08-27 03:38:30.000000', '2022-03-28 22:52:11.845930', 1, 1, '路飞', 'rootadmin', 'ccdb5f7e5be14fe0c0528974428f79f9', '', 'https://buqiyuan.gitee.io/img/logo.jpg', 'qa894178522@qq.com', '15622472425', NULL, 'xQYCspvFb8cAW6GG1pOoUGTLqsuUSO3d', 1),
('2021-12-07 09:29:18.844687', '2021-12-10 13:24:34.000000', 6, 2, '路飞', 'luffyfe', 'a201c32f60232acaf95d9eb74926c8aa', '草帽小子', NULL, '1687646846@qq.com', '1355355646', '嘿嘿嘿', 'WdE7MrslDYt02ZNkGo4asBhpXXY57wzi', 1),
('2022-03-28 19:58:49.997872', '2022-03-28 23:07:08.880455', 7, 4, '娜美', 'nameife', '633564908884bf807c4fcbf260f711d2', NULL, NULL, NULL, NULL, NULL, 'U2KPLYZcUWqpghjRHy07YbPt2A8WV285', 1);

-- --------------------------------------------------------

--
-- 表的结构 `sys_user_role`
--

CREATE TABLE `sys_user_role` (
  `created_at` datetime(6) NOT NULL DEFAULT CURRENT_TIMESTAMP(6),
  `updated_at` datetime(6) NOT NULL DEFAULT CURRENT_TIMESTAMP(6) ON UPDATE CURRENT_TIMESTAMP(6),
  `id` int(11) NOT NULL,
  `user_id` int(11) NOT NULL,
  `role_id` int(11) NOT NULL
) ENGINE=InnoDB DEFAULT CHARSET=utf8mb4 COLLATE=utf8mb4_0900_ai_ci;

--
-- 转存表中的数据 `sys_user_role`
--

INSERT INTO `sys_user_role` (`created_at`, `updated_at`, `id`, `user_id`, `role_id`) VALUES
('2020-09-14 04:10:34.371646', '2020-09-14 04:10:34.371646', 1, 1, 1);

--
-- 转储表的索引
--

--
-- 表的索引 `sys_config`
--
ALTER TABLE `sys_config`
  ADD PRIMARY KEY (`id`),
  ADD UNIQUE KEY `IDX_2c363c25cf99bcaab3a7f389ba` (`key`);

--
-- 表的索引 `sys_data`
--
ALTER TABLE `sys_data`
  ADD PRIMARY KEY (`id`),
  ADD UNIQUE KEY `IDX_4a33c047d8eacc0964e6b8adc4` (`username`);

--
-- 表的索引 `sys_data_role`
--
ALTER TABLE `sys_data_role`
  ADD PRIMARY KEY (`id`);

--
-- 表的索引 `sys_department`
--
ALTER TABLE `sys_department`
  ADD PRIMARY KEY (`id`);

--
-- 表的索引 `sys_departmentdata`
--
ALTER TABLE `sys_departmentdata`
  ADD PRIMARY KEY (`id`);

--
-- 表的索引 `sys_login_log`
--
ALTER TABLE `sys_login_log`
  ADD PRIMARY KEY (`id`);

--
-- 表的索引 `sys_menu`
--
ALTER TABLE `sys_menu`
  ADD PRIMARY KEY (`id`);

--
-- 表的索引 `sys_req_log`
--
ALTER TABLE `sys_req_log`
  ADD PRIMARY KEY (`id`);

--
-- 表的索引 `sys_role`
--
ALTER TABLE `sys_role`
  ADD PRIMARY KEY (`id`),
  ADD UNIQUE KEY `IDX_223de54d6badbe43a5490450c3` (`name`),
  ADD UNIQUE KEY `IDX_f2d07943355da93c3a8a1c411a` (`label`);

--
-- 表的索引 `sys_role_data`
--
ALTER TABLE `sys_role_data`
  ADD PRIMARY KEY (`id`),
  ADD UNIQUE KEY `IDX_c1514eaacc885025c0e67130b6` (`name`),
  ADD UNIQUE KEY `IDX_c876e53a6aafe4e38cedd49b34` (`label`);

--
-- 表的索引 `sys_role_data_menu`
--
ALTER TABLE `sys_role_data_menu`
  ADD PRIMARY KEY (`id`);

--
-- 表的索引 `sys_role_department`
--
ALTER TABLE `sys_role_department`
  ADD PRIMARY KEY (`id`);

--
-- 表的索引 `sys_role_departmentdata`
--
ALTER TABLE `sys_role_departmentdata`
  ADD PRIMARY KEY (`id`);

--
-- 表的索引 `sys_role_menu`
--
ALTER TABLE `sys_role_menu`
  ADD PRIMARY KEY (`id`);

--
-- 表的索引 `sys_task`
--
ALTER TABLE `sys_task`
  ADD PRIMARY KEY (`id`),
  ADD UNIQUE KEY `IDX_ef8e5ab5ef2fe0ddb1428439ef` (`name`);

--
-- 表的索引 `sys_task_log`
--
ALTER TABLE `sys_task_log`
  ADD PRIMARY KEY (`id`);

--
-- 表的索引 `sys_user`
--
ALTER TABLE `sys_user`
  ADD PRIMARY KEY (`id`),
  ADD UNIQUE KEY `IDX_9e7164b2f1ea1348bc0eb0a7da` (`username`);

--
-- 表的索引 `sys_user_role`
--
ALTER TABLE `sys_user_role`
  ADD PRIMARY KEY (`id`);

--
-- 在导出的表使用AUTO_INCREMENT
--

--
-- 使用表AUTO_INCREMENT `sys_config`
--
ALTER TABLE `sys_config`
  MODIFY `id` int(11) NOT NULL AUTO_INCREMENT, AUTO_INCREMENT=2;

--
-- 使用表AUTO_INCREMENT `sys_data`
--
ALTER TABLE `sys_data`
  MODIFY `id` int(11) NOT NULL AUTO_INCREMENT, AUTO_INCREMENT=33;

--
-- 使用表AUTO_INCREMENT `sys_data_role`
--
ALTER TABLE `sys_data_role`
  MODIFY `id` int(11) NOT NULL AUTO_INCREMENT, AUTO_INCREMENT=79;

--
-- 使用表AUTO_INCREMENT `sys_department`
--
ALTER TABLE `sys_department`
  MODIFY `id` int(11) NOT NULL AUTO_INCREMENT, AUTO_INCREMENT=7;

--
-- 使用表AUTO_INCREMENT `sys_departmentdata`
--
ALTER TABLE `sys_departmentdata`
  MODIFY `id` int(11) NOT NULL AUTO_INCREMENT, AUTO_INCREMENT=88;

--
-- 使用表AUTO_INCREMENT `sys_login_log`
--
ALTER TABLE `sys_login_log`
  MODIFY `id` int(11) NOT NULL AUTO_INCREMENT, AUTO_INCREMENT=9;

--
-- 使用表AUTO_INCREMENT `sys_menu`
--
ALTER TABLE `sys_menu`
  MODIFY `id` int(11) NOT NULL AUTO_INCREMENT, AUTO_INCREMENT=108;

--
-- 使用表AUTO_INCREMENT `sys_req_log`
--
ALTER TABLE `sys_req_log`
  MODIFY `id` int(11) NOT NULL AUTO_INCREMENT;

--
-- 使用表AUTO_INCREMENT `sys_role`
--
ALTER TABLE `sys_role`
  MODIFY `id` int(11) NOT NULL AUTO_INCREMENT, AUTO_INCREMENT=5;

--
-- 使用表AUTO_INCREMENT `sys_role_data`
--
ALTER TABLE `sys_role_data`
  MODIFY `id` int(11) NOT NULL AUTO_INCREMENT, AUTO_INCREMENT=14;

--
-- 使用表AUTO_INCREMENT `sys_role_data_menu`
--
ALTER TABLE `sys_role_data_menu`
  MODIFY `id` int(11) NOT NULL AUTO_INCREMENT, AUTO_INCREMENT=335;

--
-- 使用表AUTO_INCREMENT `sys_role_department`
--
ALTER TABLE `sys_role_department`
  MODIFY `id` int(11) NOT NULL AUTO_INCREMENT, AUTO_INCREMENT=551;

--
-- 使用表AUTO_INCREMENT `sys_role_departmentdata`
--
ALTER TABLE `sys_role_departmentdata`
  MODIFY `id` int(11) NOT NULL AUTO_INCREMENT, AUTO_INCREMENT=22;

--
-- 使用表AUTO_INCREMENT `sys_role_menu`
--
ALTER TABLE `sys_role_menu`
  MODIFY `id` int(11) NOT NULL AUTO_INCREMENT, AUTO_INCREMENT=155;

--
-- 使用表AUTO_INCREMENT `sys_task`
--
ALTER TABLE `sys_task`
  MODIFY `id` int(11) NOT NULL AUTO_INCREMENT, AUTO_INCREMENT=4;

--
-- 使用表AUTO_INCREMENT `sys_task_log`
--
ALTER TABLE `sys_task_log`
  MODIFY `id` int(11) NOT NULL AUTO_INCREMENT, AUTO_INCREMENT=2;

--
-- 使用表AUTO_INCREMENT `sys_user`
--
ALTER TABLE `sys_user`
  MODIFY `id` int(11) NOT NULL AUTO_INCREMENT, AUTO_INCREMENT=8;

--
-- 使用表AUTO_INCREMENT `sys_user_role`
--
ALTER TABLE `sys_user_role`
  MODIFY `id` int(11) NOT NULL AUTO_INCREMENT, AUTO_INCREMENT=18;
COMMIT;

/*!40101 SET CHARACTER_SET_CLIENT=@OLD_CHARACTER_SET_CLIENT */;
/*!40101 SET CHARACTER_SET_RESULTS=@OLD_CHARACTER_SET_RESULTS */;
/*!40101 SET COLLATION_CONNECTION=@OLD_COLLATION_CONNECTION */;
